ts,frame_id,pred_class,pred_conf,distance_m,proposed_action,final_action,reason,safety_json,human_label
0.0033867359161376953,0,demo,0.9,,SCENARIO_TUCK,SCENARIO_TUCK,Ghost muted safety | Scenario keyframe=TUCK | mode=SystemMode.DEGRADED cams=1 lidar=False alive=False,,u
0.08575963973999023,1,demo,0.9,,SCENARIO_TUCK,SCENARIO_TUCK,Ghost muted safety | Scenario keyframe=TUCK | mode=SystemMode.DEGRADED cams=1 lidar=False alive=False,,u
0.16892671585083008,2,demo,0.9,,SCENARIO_TUCK,SCENARIO_TUCK,Ghost muted safety | Scenario keyframe=TUCK | mode=SystemMode.DEGRADED cams=1 lidar=False alive=False,,u
0.25135350227355957,3,demo,0.9,,SCENARIO_TUCK,SCENARIO_TUCK,Ghost muted safety | Scenario keyframe=TUCK | mode=SystemMode.DEGRADED cams=1 lidar=False alive=False,,u
0.3354227542877197,4,demo,0.9,,SCENARIO_TUCK,SCENARIO_TUCK,Ghost muted safety | Scenario keyframe=TUCK | mode=SystemMode.DEGRADED cams=1 lidar=False alive=False,,u
0.4195568561553955,5,demo,0.9,,SCENARIO_TUCK,SCENARIO_TUCK,Ghost muted safety | Scenario keyframe=TUCK | mode=SystemMode.DEGRADED cams=1 lidar=False alive=False,,u
0.502439022064209,6,demo,0.9,,SCENARIO_TUCK,SCENARIO_TUCK,Ghost muted safety | Scenario keyframe=TUCK | mode=SystemMode.DEGRADED cams=1 lidar=False alive=False,,u
0.5859889984130859,7,demo,0.9,,SCENARIO_TUCK,SCENARIO_TUCK,Ghost muted safety | Scenario keyframe=TUCK | mode=SystemMode.DEGRADED cams=1 lidar=False alive=False,,u
0.669724702835083,8,demo,0.9,,SCENARIO_TUCK,SCENARIO_TUCK,Ghost muted safety | Scenario keyframe=TUCK | mode=SystemMode.DEGRADED cams=1 lidar=False alive=False,,u
0.7526750564575195,9,demo,0.9,,SCENARIO_TUCK,SCENARIO_TUCK,Ghost muted safety | Scenario keyframe=TUCK | mode=SystemMode.DEGRADED cams=1 lidar=False alive=False,,u
0.8362112045288086,10,demo,0.9,,SCENARIO_TUCK,SCENARIO_TUCK,Ghost muted safety | Scenario keyframe=TUCK | mode=SystemMode.DEGRADED cams=1 lidar=False alive=False,,u
0.9196383953094482,11,demo,0.9,,SCENARIO_TUCK,SCENARIO_TUCK,Ghost muted safety | Scenario keyframe=TUCK | mode=SystemMode.DEGRADED cams=1 lidar=False alive=False,,u
1.0031132698059082,12,demo,0.9,,SCENARIO_TUCK,SCENARIO_TUCK,Ghost muted safety | Scenario keyframe=TUCK | mode=SystemMode.DEGRADED cams=1 lidar=False alive=False,,u
1.0861637592315674,13,demo,0.9,,SCENARIO_TUCK,SCENARIO_TUCK,Ghost muted safety | Scenario keyframe=TUCK | mode=SystemMode.DEGRADED cams=1 lidar=False alive=False,,u
1.169719934463501,14,demo,0.9,,SCENARIO_TUCK,SCENARIO_TUCK,Ghost muted safety | Scenario keyframe=TUCK | mode=SystemMode.DEGRADED cams=1 lidar=False alive=False,,u
1.2536659240722656,15,demo,0.9,,SCENARIO_TUCK,SCENARIO_TUCK,Ghost muted safety | Scenario keyframe=TUCK | mode=SystemMode.DEGRADED cams=1 lidar=False alive=False,,u
1.3380413055419922,16,demo,0.9,,SCENARIO_TUCK,SCENARIO_TUCK,Ghost muted safety | Scenario keyframe=TUCK | mode=SystemMode.DEGRADED cams=1 lidar=False alive=False,,u
1.4218714237213135,17,demo,0.9,,SCENARIO_TUCK,SCENARIO_TUCK,Ghost muted safety | Scenario keyframe=TUCK | mode=SystemMode.DEGRADED cams=1 lidar=True alive=True,,u
1.5208954811096191,18,demo,0.9,0.51425,SCENARIO_TUCK,SCENARIO_TUCK,Ghost muted safety | Scenario keyframe=TUCK | mode=SystemMode.DEGRADED cams=1 lidar=True alive=True,,u
1.6208531856536865,19,demo,0.9,0.51425,SCENARIO_TUCK,SCENARIO_TUCK,Ghost muted safety | Scenario keyframe=TUCK | mode=SystemMode.DEGRADED cams=1 lidar=True alive=True,,u
1.7211267948150635,20,demo,0.9,0.515,SCENARIO_TUCK,SCENARIO_TUCK,Ghost muted safety | Scenario keyframe=TUCK | mode=SystemMode.DEGRADED cams=1 lidar=True alive=True,,u
1.8210420608520508,21,demo,0.9,0.515,SCENARIO_TUCK,SCENARIO_TUCK,Ghost muted safety | Scenario keyframe=TUCK | mode=SystemMode.DEGRADED cams=1 lidar=True alive=True,,u
1.9211719036102295,22,demo,0.9,0.515,SCENARIO_DUMP,SCENARIO_DUMP,Ghost muted safety | Scenario keyframe=DUMP | mode=SystemMode.DEGRADED cams=1 lidar=True alive=True,,u
2.021420478820801,23,demo,0.9,0.5145,SCENARIO_DUMP,SCENARIO_DUMP,Ghost muted safety | Scenario keyframe=DUMP | mode=SystemMode.DEGRADED cams=1 lidar=True alive=True,,u
2.121166706085205,24,demo,0.9,0.5145,SCENARIO_DUMP,SCENARIO_DUMP,Ghost muted safety | Scenario keyframe=DUMP | mode=SystemMode.DEGRADED cams=1 lidar=True alive=True,,u
2.2221195697784424,25,demo,0.9,0.5145,SCENARIO_DUMP,SCENARIO_DUMP,Ghost muted safety | Scenario keyframe=DUMP | mode=SystemMode.DEGRADED cams=1 lidar=True alive=True,,u
2.322197437286377,26,demo,0.9,0.51525,SCENARIO_DUMP,SCENARIO_DUMP,Ghost muted safety | Scenario keyframe=DUMP | mode=SystemMode.DEGRADED cams=1 lidar=True alive=True,,u
2.4219248294830322,27,demo,0.9,0.51525,SCENARIO_DUMP,SCENARIO_DUMP,Ghost muted safety | Scenario keyframe=DUMP | mode=SystemMode.DEGRADED cams=1 lidar=True alive=True,,u
2.5222411155700684,28,demo,0.9,0.51525,SCENARIO_DUMP,SCENARIO_DUMP,Ghost muted safety | Scenario keyframe=DUMP | mode=SystemMode.DEGRADED cams=1 lidar=True alive=True,,u
2.6230664253234863,29,demo,0.9,0.51425,SCENARIO_DUMP,SCENARIO_DUMP,Ghost muted safety | Scenario keyframe=DUMP | mode=SystemMode.DEGRADED cams=1 lidar=True alive=True,,u
2.7237651348114014,30,demo,0.9,0.51425,SCENARIO_DUMP,SCENARIO_DUMP,Ghost muted safety | Scenario keyframe=DUMP | mode=SystemMode.DEGRADED cams=1 lidar=True alive=True,,u
2.8239102363586426,31,demo,0.9,0.51425,SCENARIO_DUMP,SCENARIO_DUMP,Ghost muted safety | Scenario keyframe=DUMP | mode=SystemMode.DEGRADED cams=1 lidar=True alive=True,,u
2.9233438968658447,32,demo,0.9,0.51575,SCENARIO_DUMP,SCENARIO_DUMP,Ghost muted safety | Scenario keyframe=DUMP | mode=SystemMode.DEGRADED cams=1 lidar=True alive=True,,u
3.023130416870117,33,demo,0.9,0.51575,SCENARIO_DUMP,SCENARIO_DUMP,Ghost muted safety | Scenario keyframe=DUMP | mode=SystemMode.NOMINAL cams=2 lidar=True alive=True,,u
3.057358741760254,34,demo,0.9,0.51575,SCENARIO_DUMP,SCENARIO_DUMP,Ghost muted safety | Scenario keyframe=DUMP | mode=SystemMode.NOMINAL cams=2 lidar=True alive=True,,u
3.0911242961883545,35,demo,0.9,0.51575,SCENARIO_DUMP,SCENARIO_DUMP,Ghost muted safety | Scenario keyframe=DUMP | mode=SystemMode.NOMINAL cams=2 lidar=True alive=True,,u
3.1241042613983154,36,demo,0.9,0.51575,SCENARIO_DUMP,SCENARIO_DUMP,Ghost muted safety | Scenario keyframe=DUMP | mode=SystemMode.NOMINAL cams=2 lidar=True alive=True,,u
3.156890869140625,37,demo,0.9,0.51575,SCENARIO_DUMP,SCENARIO_DUMP,Ghost muted safety | Scenario keyframe=DUMP | mode=SystemMode.NOMINAL cams=2 lidar=True alive=True,,u
3.1897780895233154,38,demo,0.9,0.515,SCENARIO_DUMP,SCENARIO_DUMP,Ghost muted safety | Scenario keyframe=DUMP | mode=SystemMode.NOMINAL cams=2 lidar=True alive=True,,u
3.2230799198150635,39,demo,0.9,0.515,SCENARIO_DUMP,SCENARIO_DUMP,Ghost muted safety | Scenario keyframe=DUMP | mode=SystemMode.NOMINAL cams=2 lidar=True alive=True,,u
3.2566161155700684,40,demo,0.9,0.515,SCENARIO_DUMP,SCENARIO_DUMP,Ghost muted safety | Scenario keyframe=DUMP | mode=SystemMode.NOMINAL cams=2 lidar=True alive=True,,u
3.2909040451049805,41,demo,0.9,0.515,SCENARIO_DUMP,SCENARIO_DUMP,Ghost muted safety | Scenario keyframe=DUMP | mode=SystemMode.NOMINAL cams=2 lidar=True alive=True,,u
3.3236238956451416,42,demo,0.9,0.515,SCENARIO_DUMP,SCENARIO_DUMP,Ghost muted safety | Scenario keyframe=DUMP | mode=SystemMode.NOMINAL cams=2 lidar=True alive=True,,u
3.358630418777466,43,demo,0.9,0.515,SCENARIO_DUMP,SCENARIO_DUMP,Ghost muted safety | Scenario keyframe=DUMP | mode=SystemMode.NOMINAL cams=2 lidar=True alive=True,,u
3.39140248298645,44,demo,0.9,0.515,SCENARIO_DUMP,SCENARIO_DUMP,Ghost muted safety | Scenario keyframe=DUMP | mode=SystemMode.NOMINAL cams=2 lidar=True alive=True,,u
3.425048351287842,45,demo,0.9,0.515,SCENARIO_DUMP,SCENARIO_DUMP,Ghost muted safety | Scenario keyframe=DUMP | mode=SystemMode.NOMINAL cams=2 lidar=True alive=True,,u
3.45824933052063,46,demo,0.9,0.5155,SCENARIO_DUMP,SCENARIO_DUMP,Ghost muted safety | Scenario keyframe=DUMP | mode=SystemMode.NOMINAL cams=2 lidar=True alive=True,,u
3.49149751663208,47,demo,0.9,0.5155,SCENARIO_DUMP,SCENARIO_DUMP,Ghost muted safety | Scenario keyframe=DUMP | mode=SystemMode.NOMINAL cams=2 lidar=True alive=True,,u
3.525029420852661,48,demo,0.9,0.5155,SCENARIO_DUMP,SCENARIO_DUMP,Ghost muted safety | Scenario keyframe=DUMP | mode=SystemMode.NOMINAL cams=2 lidar=True alive=True,,u
3.5591723918914795,49,demo,0.9,0.5155,SCENARIO_DUMP,SCENARIO_DUMP,Ghost muted safety | Scenario keyframe=DUMP | mode=SystemMode.NOMINAL cams=2 lidar=True alive=True,,u
3.591813802719116,50,demo,0.9,0.5155,SCENARIO_DUMP,SCENARIO_DUMP,Ghost muted safety | Scenario keyframe=DUMP | mode=SystemMode.NOMINAL cams=2 lidar=True alive=True,,u
3.625786304473877,51,demo,0.9,0.5155,SCENARIO_DUMP,SCENARIO_DUMP,Ghost muted safety | Scenario keyframe=DUMP | mode=SystemMode.NOMINAL cams=2 lidar=True alive=True,,u
3.659219741821289,52,demo,0.9,0.5155,SCENARIO_DUMP,SCENARIO_DUMP,Ghost muted safety | Scenario keyframe=DUMP | mode=SystemMode.NOMINAL cams=2 lidar=True alive=True,,u
3.6923835277557373,53,demo,0.9,0.5155,SCENARIO_DUMP,SCENARIO_DUMP,Ghost muted safety | Scenario keyframe=DUMP | mode=SystemMode.NOMINAL cams=2 lidar=True alive=True,,u
3.725829601287842,54,demo,0.9,0.515,SCENARIO_DUMP,SCENARIO_DUMP,Ghost muted safety | Scenario keyframe=DUMP | mode=SystemMode.NOMINAL cams=2 lidar=True alive=True,,u
3.7591025829315186,55,demo,0.9,0.515,SCENARIO_DUMP,SCENARIO_DUMP,Ghost muted safety | Scenario keyframe=DUMP | mode=SystemMode.NOMINAL cams=2 lidar=True alive=True,,u
3.7923669815063477,56,demo,0.9,0.515,SCENARIO_DUMP,SCENARIO_DUMP,Ghost muted safety | Scenario keyframe=DUMP | mode=SystemMode.NOMINAL cams=2 lidar=True alive=True,,u
3.8257384300231934,57,demo,0.9,0.515,SCENARIO_DUMP,SCENARIO_DUMP,Ghost muted safety | Scenario keyframe=DUMP | mode=SystemMode.NOMINAL cams=2 lidar=True alive=True,,u
3.8593015670776367,58,demo,0.9,0.515,SCENARIO_DUMP,SCENARIO_DUMP,Ghost muted safety | Scenario keyframe=DUMP | mode=SystemMode.NOMINAL cams=2 lidar=True alive=True,,u
3.8929903507232666,59,demo,0.9,0.515,SCENARIO_DUMP,SCENARIO_DUMP,Ghost muted safety | Scenario keyframe=DUMP | mode=SystemMode.NOMINAL cams=2 lidar=True alive=True,,u
3.928069591522217,60,demo,0.9,0.515,SCENARIO_DUMP,SCENARIO_DUMP,Ghost muted safety | Scenario keyframe=DUMP | mode=SystemMode.NOMINAL cams=2 lidar=True alive=True,,u
3.969050168991089,61,demo,0.9,0.515,SCENARIO_DUMP,SCENARIO_DUMP,Ghost muted safety | Scenario keyframe=DUMP | mode=SystemMode.NOMINAL cams=2 lidar=True alive=True,,u
4.022383451461792,62,demo,0.9,0.515,SCENARIO_DUMP,SCENARIO_DUMP,Ghost muted safety | Scenario keyframe=DUMP | mode=SystemMode.NOMINAL cams=2 lidar=True alive=True,,u
4.077419281005859,63,demo,0.9,0.515,SCENARIO_DUMP,SCENARIO_DUMP,Ghost muted safety | Scenario keyframe=DUMP | mode=SystemMode.NOMINAL cams=2 lidar=True alive=True,,u
4.131101608276367,64,demo,0.9,0.515,SCENARIO_DUMP,SCENARIO_DUMP,Ghost muted safety | Scenario keyframe=DUMP | mode=SystemMode.NOMINAL cams=2 lidar=True alive=True,,u
4.180662393569946,65,demo,0.9,0.515,SCENARIO_DUMP,SCENARIO_DUMP,Ghost muted safety | Scenario keyframe=DUMP | mode=SystemMode.NOMINAL cams=2 lidar=True alive=True,,u
4.233401775360107,66,demo,0.9,0.515,SCENARIO_DUMP,SCENARIO_DUMP,Ghost muted safety | Scenario keyframe=DUMP | mode=SystemMode.NOMINAL cams=2 lidar=True alive=True,,u
4.286846399307251,67,demo,0.9,0.514,SCENARIO_DUMP,SCENARIO_DUMP,Ghost muted safety | Scenario keyframe=DUMP | mode=SystemMode.NOMINAL cams=2 lidar=True alive=True,,u
4.343223810195923,68,demo,0.9,0.514,SCENARIO_DUMP,SCENARIO_DUMP,Ghost muted safety | Scenario keyframe=DUMP | mode=SystemMode.NOMINAL cams=2 lidar=True alive=True,,u
4.392220497131348,69,demo,0.9,0.514,SCENARIO_DUMP,SCENARIO_DUMP,Ghost muted safety | Scenario keyframe=DUMP | mode=SystemMode.NOMINAL cams=2 lidar=True alive=True,,u
4.448392629623413,70,demo,0.9,0.514,SCENARIO_DUMP,SCENARIO_DUMP,Ghost muted safety | Scenario keyframe=DUMP | mode=SystemMode.NOMINAL cams=2 lidar=True alive=True,,u
4.500704288482666,71,demo,0.9,0.514,SCENARIO_DUMP,SCENARIO_DUMP,Ghost muted safety | Scenario keyframe=DUMP | mode=SystemMode.NOMINAL cams=2 lidar=True alive=True,,u
4.554696798324585,72,demo,0.9,0.51575,SCENARIO_DUMP,SCENARIO_DUMP,Ghost muted safety | Scenario keyframe=DUMP | mode=SystemMode.NOMINAL cams=2 lidar=True alive=True,,u
4.606583833694458,73,demo,0.9,0.51575,SCENARIO_DUMP,SCENARIO_DUMP,Ghost muted safety | Scenario keyframe=DUMP | mode=SystemMode.NOMINAL cams=2 lidar=True alive=True,,u
4.659818410873413,74,demo,0.9,0.51575,SCENARIO_DUMP,SCENARIO_DUMP,Ghost muted safety | Scenario keyframe=DUMP | mode=SystemMode.NOMINAL cams=2 lidar=True alive=True,,u
4.715377330780029,75,demo,0.9,0.51575,SCENARIO_DUMP,SCENARIO_DUMP,Ghost muted safety | Scenario keyframe=DUMP | mode=SystemMode.NOMINAL cams=2 lidar=True alive=True,,u
4.767811059951782,76,demo,0.9,0.51575,SCENARIO_DUMP,SCENARIO_DUMP,Ghost muted safety | Scenario keyframe=DUMP | mode=SystemMode.NOMINAL cams=2 lidar=True alive=True,,u
4.819916248321533,77,demo,0.9,0.51575,SCENARIO_DUMP,SCENARIO_DUMP,Ghost muted safety | Scenario keyframe=DUMP | mode=SystemMode.NOMINAL cams=2 lidar=True alive=True,,u
4.875518798828125,78,demo,0.9,0.51575,SCENARIO_DUMP,SCENARIO_DUMP,Ghost muted safety | Scenario keyframe=DUMP | mode=SystemMode.NOMINAL cams=2 lidar=True alive=True,,u
4.929506540298462,79,demo,0.9,0.51575,SCENARIO_HOME,SCENARIO_HOME,Ghost muted safety | Scenario keyframe=HOME | mode=SystemMode.NOMINAL cams=2 lidar=True alive=True,,u
4.978909254074097,80,demo,0.9,0.51575,SCENARIO_HOME,SCENARIO_HOME,Ghost muted safety | Scenario keyframe=HOME | mode=SystemMode.NOMINAL cams=2 lidar=True alive=True,,u
5.033618450164795,81,demo,0.9,0.51575,SCENARIO_HOME,SCENARIO_HOME,Ghost muted safety | Scenario keyframe=HOME | mode=SystemMode.NOMINAL cams=2 lidar=True alive=True,,u
5.09272313117981,82,demo,0.9,0.51525,SCENARIO_HOME,SCENARIO_HOME,Ghost muted safety | Scenario keyframe=HOME | mode=SystemMode.NOMINAL cams=2 lidar=True alive=True,,u
5.143704414367676,83,demo,0.9,0.51525,SCENARIO_HOME,SCENARIO_HOME,Ghost muted safety | Scenario keyframe=HOME | mode=SystemMode.NOMINAL cams=2 lidar=True alive=True,,u
5.19378399848938,84,demo,0.9,0.51525,SCENARIO_HOME,SCENARIO_HOME,Ghost muted safety | Scenario keyframe=HOME | mode=SystemMode.NOMINAL cams=2 lidar=True alive=True,,u
5.2497334480285645,85,demo,0.9,0.51525,SCENARIO_HOME,SCENARIO_HOME,Ghost muted safety | Scenario keyframe=HOME | mode=SystemMode.NOMINAL cams=2 lidar=True alive=True,,u
5.302218914031982,86,demo,0.9,0.51525,SCENARIO_HOME,SCENARIO_HOME,Ghost muted safety | Scenario keyframe=HOME | mode=SystemMode.NOMINAL cams=2 lidar=True alive=True,,u
5.357166767120361,87,demo,0.9,0.51475,SCENARIO_HOME,SCENARIO_HOME,Ghost muted safety | Scenario keyframe=HOME | mode=SystemMode.NOMINAL cams=2 lidar=True alive=True,,u
5.411963701248169,88,demo,0.9,0.51475,SCENARIO_HOME,SCENARIO_HOME,Ghost muted safety | Scenario keyframe=HOME | mode=SystemMode.NOMINAL cams=2 lidar=True alive=True,,u
5.45899510383606,89,demo,0.9,0.51475,SCENARIO_HOME,SCENARIO_HOME,Ghost muted safety | Scenario keyframe=HOME | mode=SystemMode.NOMINAL cams=2 lidar=True alive=True,,u
5.5160346031188965,90,demo,0.9,0.51475,SCENARIO_HOME,SCENARIO_HOME,Ghost muted safety | Scenario keyframe=HOME | mode=SystemMode.NOMINAL cams=2 lidar=True alive=True,,u
5.56823992729187,91,demo,0.9,0.51475,SCENARIO_HOME,SCENARIO_HOME,Ghost muted safety | Scenario keyframe=HOME | mode=SystemMode.NOMINAL cams=2 lidar=True alive=True,,u
5.618851184844971,92,demo,0.9,0.51575,SCENARIO_HOME,SCENARIO_HOME,Ghost muted safety | Scenario keyframe=HOME | mode=SystemMode.NOMINAL cams=2 lidar=True alive=True,,u
5.675958871841431,93,demo,0.9,0.51575,SCENARIO_HOME,SCENARIO_HOME,Ghost muted safety | Scenario keyframe=HOME | mode=SystemMode.NOMINAL cams=2 lidar=True alive=True,,u
5.72531533241272,94,demo,0.9,0.51575,SCENARIO_HOME,SCENARIO_HOME,Ghost muted safety | Scenario keyframe=HOME | mode=SystemMode.NOMINAL cams=2 lidar=True alive=True,,u
5.7816162109375,95,demo,0.9,0.51575,SCENARIO_HOME,SCENARIO_HOME,Ghost muted safety | Scenario keyframe=HOME | mode=SystemMode.NOMINAL cams=2 lidar=True alive=True,,u
5.835730791091919,96,demo,0.9,0.51575,SCENARIO_HOME,SCENARIO_HOME,Ghost muted safety | Scenario keyframe=HOME | mode=SystemMode.NOMINAL cams=2 lidar=True alive=True,,u
5.886808156967163,97,demo,0.9,0.51525,SCENARIO_HOME,SCENARIO_HOME,Ghost muted safety | Scenario keyframe=HOME | mode=SystemMode.NOMINAL cams=2 lidar=True alive=True,,u
5.9384589195251465,98,demo,0.9,0.51525,SCENARIO_HOME,SCENARIO_HOME,Ghost muted safety | Scenario keyframe=HOME | mode=SystemMode.NOMINAL cams=2 lidar=True alive=True,,u
5.993687629699707,99,demo,0.9,0.51525,SCENARIO_HOME,SCENARIO_HOME,Ghost muted safety | Scenario keyframe=HOME | mode=SystemMode.NOMINAL cams=2 lidar=True alive=True,,u
6.048158645629883,100,demo,0.9,0.51525,SCENARIO_HOME,SCENARIO_HOME,Ghost muted safety | Scenario keyframe=HOME | mode=SystemMode.NOMINAL cams=2 lidar=True alive=True,,u
6.100423336029053,101,demo,0.9,0.51525,SCENARIO_HOME,SCENARIO_HOME,Ghost muted safety | Scenario keyframe=HOME | mode=SystemMode.NOMINAL cams=2 lidar=True alive=True,,u
6.154270648956299,102,demo,0.9,0.51525,SCENARIO_HOME,SCENARIO_HOME,Ghost muted safety | Scenario keyframe=HOME | mode=SystemMode.NOMINAL cams=2 lidar=True alive=True,,u
6.209547996520996,103,demo,0.9,0.51525,SCENARIO_HOME,SCENARIO_HOME,Ghost muted safety | Scenario keyframe=HOME | mode=SystemMode.NOMINAL cams=2 lidar=True alive=True,,u
6.259267330169678,104,demo,0.9,0.51525,SCENARIO_HOME,SCENARIO_HOME,Ghost muted safety | Scenario keyframe=HOME | mode=SystemMode.NOMINAL cams=2 lidar=True alive=True,,u
6.312076091766357,105,demo,0.9,0.51525,SCENARIO_HOME,SCENARIO_HOME,Ghost muted safety | Scenario keyframe=HOME | mode=SystemMode.NOMINAL cams=2 lidar=True alive=True,,u
6.367095708847046,106,demo,0.9,0.51525,SCENARIO_HOME,SCENARIO_HOME,Ghost muted safety | Scenario keyframe=HOME | mode=SystemMode.NOMINAL cams=2 lidar=True alive=True,,u
6.418896436691284,107,demo,0.9,0.515,SCENARIO_HOME,SCENARIO_HOME,Ghost muted safety | Scenario keyframe=HOME | mode=SystemMode.NOMINAL cams=2 lidar=True alive=True,,u
6.473145484924316,108,demo,0.9,0.515,SCENARIO_HOME,SCENARIO_HOME,Ghost muted safety | Scenario keyframe=HOME | mode=SystemMode.NOMINAL cams=2 lidar=True alive=True,,u
6.526742458343506,109,demo,0.9,0.515,SCENARIO_HOME,SCENARIO_HOME,Ghost muted safety | Scenario keyframe=HOME | mode=SystemMode.NOMINAL cams=2 lidar=True alive=True,,u
6.57988429069519,110,demo,0.9,0.515,SCENARIO_HOME,SCENARIO_HOME,Ghost muted safety | Scenario keyframe=HOME | mode=SystemMode.NOMINAL cams=2 lidar=True alive=True,,u
6.632384777069092,111,demo,0.9,0.515,SCENARIO_HOME,SCENARIO_HOME,Ghost muted safety | Scenario keyframe=HOME | mode=SystemMode.NOMINAL cams=2 lidar=True alive=True,,u
6.684529781341553,112,demo,0.9,0.515,SCENARIO_HOME,SCENARIO_HOME,Ghost muted safety | Scenario keyframe=HOME | mode=SystemMode.NOMINAL cams=2 lidar=True alive=True,,u
6.738855838775635,113,demo,0.9,0.515,SCENARIO_HOME,SCENARIO_HOME,Ghost muted safety | Scenario keyframe=HOME | mode=SystemMode.NOMINAL cams=2 lidar=True alive=True,,u
6.794822454452515,114,demo,0.9,0.515,SCENARIO_HOME,SCENARIO_HOME,Ghost muted safety | Scenario keyframe=HOME | mode=SystemMode.NOMINAL cams=2 lidar=True alive=True,,u
6.848824739456177,115,demo,0.9,0.515,SCENARIO_HOME,SCENARIO_HOME,Ghost muted safety | Scenario keyframe=HOME | mode=SystemMode.NOMINAL cams=2 lidar=True alive=True,,u
6.8990185260772705,116,demo,0.9,0.515,SCENARIO_TUCK,SCENARIO_TUCK,Ghost muted safety | Scenario keyframe=TUCK | mode=SystemMode.NOMINAL cams=2 lidar=True alive=True,,u
6.955175161361694,117,demo,0.9,0.51625,SCENARIO_TUCK,SCENARIO_TUCK,Ghost muted safety | Scenario keyframe=TUCK | mode=SystemMode.NOMINAL cams=2 lidar=True alive=True,,u
7.009268045425415,118,demo,0.9,0.51625,SCENARIO_TUCK,SCENARIO_TUCK,Ghost muted safety | Scenario keyframe=TUCK | mode=SystemMode.NOMINAL cams=2 lidar=True alive=True,,u
7.058236598968506,119,demo,0.9,0.51625,SCENARIO_TUCK,SCENARIO_TUCK,Ghost muted safety | Scenario keyframe=TUCK | mode=SystemMode.NOMINAL cams=2 lidar=True alive=True,,u
7.112146615982056,120,demo,0.9,0.51625,SCENARIO_TUCK,SCENARIO_TUCK,Ghost muted safety | Scenario keyframe=TUCK | mode=SystemMode.NOMINAL cams=2 lidar=True alive=True,,u
7.168634414672852,121,demo,0.9,0.51625,SCENARIO_TUCK,SCENARIO_TUCK,Ghost muted safety | Scenario keyframe=TUCK | mode=SystemMode.NOMINAL cams=2 lidar=True alive=True,,u
7.218809366226196,122,demo,0.9,0.515,SCENARIO_TUCK,SCENARIO_TUCK,Ghost muted safety | Scenario keyframe=TUCK | mode=SystemMode.NOMINAL cams=2 lidar=True alive=True,,u
7.273696422576904,123,demo,0.9,0.515,SCENARIO_TUCK,SCENARIO_TUCK,Ghost muted safety | Scenario keyframe=TUCK | mode=SystemMode.NOMINAL cams=2 lidar=True alive=True,,u
7.326984882354736,124,demo,0.9,0.515,SCENARIO_TUCK,SCENARIO_TUCK,Ghost muted safety | Scenario keyframe=TUCK | mode=SystemMode.NOMINAL cams=2 lidar=True alive=True,,u
7.38176417350769,125,demo,0.9,0.515,SCENARIO_TUCK,SCENARIO_TUCK,Ghost muted safety | Scenario keyframe=TUCK | mode=SystemMode.NOMINAL cams=2 lidar=True alive=True,,u
7.4346396923065186,126,demo,0.9,0.515,SCENARIO_TUCK,SCENARIO_TUCK,Ghost muted safety | Scenario keyframe=TUCK | mode=SystemMode.NOMINAL cams=2 lidar=True alive=True,,u
7.4868786334991455,127,demo,0.9,0.51475,SCENARIO_TUCK,SCENARIO_TUCK,Ghost muted safety | Scenario keyframe=TUCK | mode=SystemMode.NOMINAL cams=2 lidar=True alive=True,,u
7.5424065589904785,128,demo,0.9,0.51475,SCENARIO_TUCK,SCENARIO_TUCK,Ghost muted safety | Scenario keyframe=TUCK | mode=SystemMode.NOMINAL cams=2 lidar=True alive=True,,u
7.592528343200684,129,demo,0.9,0.51475,SCENARIO_TUCK,SCENARIO_TUCK,Ghost muted safety | Scenario keyframe=TUCK | mode=SystemMode.NOMINAL cams=2 lidar=True alive=True,,u
7.648025989532471,130,demo,0.9,0.51475,SCENARIO_TUCK,SCENARIO_TUCK,Ghost muted safety | Scenario keyframe=TUCK | mode=SystemMode.NOMINAL cams=2 lidar=True alive=True,,u
7.700881481170654,131,demo,0.9,0.51475,SCENARIO_TUCK,SCENARIO_TUCK,Ghost muted safety | Scenario keyframe=TUCK | mode=SystemMode.NOMINAL cams=2 lidar=True alive=True,,u
7.753132104873657,132,demo,0.9,0.515,SCENARIO_TUCK,SCENARIO_TUCK,Ghost muted safety | Scenario keyframe=TUCK | mode=SystemMode.NOMINAL cams=2 lidar=True alive=True,,u
7.806764364242554,133,demo,0.9,0.515,SCENARIO_TUCK,SCENARIO_TUCK,Ghost muted safety | Scenario keyframe=TUCK | mode=SystemMode.NOMINAL cams=2 lidar=True alive=True,,u
7.862032651901245,134,demo,0.9,0.515,SCENARIO_TUCK,SCENARIO_TUCK,Ghost muted safety | Scenario keyframe=TUCK | mode=SystemMode.NOMINAL cams=2 lidar=True alive=True,,u
7.913376331329346,135,demo,0.9,0.515,SCENARIO_TUCK,SCENARIO_TUCK,Ghost muted safety | Scenario keyframe=TUCK | mode=SystemMode.NOMINAL cams=2 lidar=True alive=True,,u
7.96587061882019,136,demo,0.9,0.515,SCENARIO_TUCK,SCENARIO_TUCK,Ghost muted safety | Scenario keyframe=TUCK | mode=SystemMode.NOMINAL cams=2 lidar=True alive=True,,u
8.018057584762573,137,demo,0.9,0.5155,SCENARIO_TUCK,SCENARIO_TUCK,Ghost muted safety | Scenario keyframe=TUCK | mode=SystemMode.NOMINAL cams=2 lidar=True alive=True,,u
8.074620962142944,138,demo,0.9,0.5155,SCENARIO_TUCK,SCENARIO_TUCK,Ghost muted safety | Scenario keyframe=TUCK | mode=SystemMode.NOMINAL cams=2 lidar=True alive=True,,u
8.126622200012207,139,demo,0.9,0.5155,SCENARIO_TUCK,SCENARIO_TUCK,Ghost muted safety | Scenario keyframe=TUCK | mode=SystemMode.NOMINAL cams=2 lidar=True alive=True,,u
8.178507566452026,140,demo,0.9,0.5155,SCENARIO_TUCK,SCENARIO_TUCK,Ghost muted safety | Scenario keyframe=TUCK | mode=SystemMode.NOMINAL cams=2 lidar=True alive=True,,u
8.232926845550537,141,demo,0.9,0.5155,SCENARIO_TUCK,SCENARIO_TUCK,Ghost muted safety | Scenario keyframe=TUCK | mode=SystemMode.NOMINAL cams=2 lidar=True alive=True,,u
8.285967350006104,142,demo,0.9,0.515,SCENARIO_TUCK,SCENARIO_TUCK,Ghost muted safety | Scenario keyframe=TUCK | mode=SystemMode.NOMINAL cams=2 lidar=True alive=True,,u
8.336713790893555,143,demo,0.9,0.515,SCENARIO_TUCK,SCENARIO_TUCK,Ghost muted safety | Scenario keyframe=TUCK | mode=SystemMode.NOMINAL cams=2 lidar=True alive=True,,u
8.390287160873413,144,demo,0.9,0.515,SCENARIO_TUCK,SCENARIO_TUCK,Ghost muted safety | Scenario keyframe=TUCK | mode=SystemMode.NOMINAL cams=2 lidar=True alive=True,,u
8.44739556312561,145,demo,0.9,0.515,SCENARIO_TUCK,SCENARIO_TUCK,Ghost muted safety | Scenario keyframe=TUCK | mode=SystemMode.NOMINAL cams=2 lidar=True alive=True,,u
8.498832941055298,146,demo,0.9,0.515,SCENARIO_TUCK,SCENARIO_TUCK,Ghost muted safety | Scenario keyframe=TUCK | mode=SystemMode.NOMINAL cams=2 lidar=True alive=True,,u
8.55313229560852,147,demo,0.9,0.515,SCENARIO_TUCK,SCENARIO_TUCK,Ghost muted safety | Scenario keyframe=TUCK | mode=SystemMode.NOMINAL cams=2 lidar=True alive=True,,u
8.60506820678711,148,demo,0.9,0.515,SCENARIO_TUCK,SCENARIO_TUCK,Ghost muted safety | Scenario keyframe=TUCK | mode=SystemMode.NOMINAL cams=2 lidar=True alive=True,,u
8.659883499145508,149,demo,0.9,0.515,SCENARIO_TUCK,SCENARIO_TUCK,Ghost muted safety | Scenario keyframe=TUCK | mode=SystemMode.NOMINAL cams=2 lidar=True alive=True,,u
8.71611499786377,150,demo,0.9,0.515,SCENARIO_TUCK,SCENARIO_TUCK,Ghost muted safety | Scenario keyframe=TUCK | mode=SystemMode.NOMINAL cams=2 lidar=True alive=True,,u
8.76965618133545,151,demo,0.9,0.515,SCENARIO_TUCK,SCENARIO_TUCK,Ghost muted safety | Scenario keyframe=TUCK | mode=SystemMode.NOMINAL cams=2 lidar=True alive=True,,u
8.817996263504028,152,demo,0.9,0.51425,SCENARIO_TUCK,SCENARIO_TUCK,Ghost muted safety | Scenario keyframe=TUCK | mode=SystemMode.NOMINAL cams=2 lidar=True alive=True,,u
8.873674631118774,153,demo,0.9,0.51425,SCENARIO_TUCK,SCENARIO_TUCK,Ghost muted safety | Scenario keyframe=TUCK | mode=SystemMode.NOMINAL cams=2 lidar=True alive=True,,u
8.928584814071655,154,demo,0.9,0.51425,SCENARIO_DUMP,SCENARIO_DUMP,Ghost muted safety | Scenario keyframe=DUMP | mode=SystemMode.NOMINAL cams=2 lidar=True alive=True,,u
8.97939419746399,155,demo,0.9,0.51425,SCENARIO_DUMP,SCENARIO_DUMP,Ghost muted safety | Scenario keyframe=DUMP | mode=SystemMode.NOMINAL cams=2 lidar=True alive=True,,u
9.03243088722229,156,demo,0.9,0.51425,SCENARIO_DUMP,SCENARIO_DUMP,Ghost muted safety | Scenario keyframe=DUMP | mode=SystemMode.NOMINAL cams=2 lidar=True alive=True,,u
9.086970806121826,157,demo,0.9,0.51525,SCENARIO_DUMP,SCENARIO_DUMP,Ghost muted safety | Scenario keyframe=DUMP | mode=SystemMode.NOMINAL cams=2 lidar=True alive=True,,u
9.139571189880371,158,demo,0.9,0.51525,SCENARIO_DUMP,SCENARIO_DUMP,Ghost muted safety | Scenario keyframe=DUMP | mode=SystemMode.NOMINAL cams=2 lidar=True alive=True,,u
9.192490339279175,159,demo,0.9,0.51525,SCENARIO_DUMP,SCENARIO_DUMP,Ghost muted safety | Scenario keyframe=DUMP | mode=SystemMode.NOMINAL cams=2 lidar=True alive=True,,u
9.247639656066895,160,demo,0.9,0.51525,SCENARIO_DUMP,SCENARIO_DUMP,Ghost muted safety | Scenario keyframe=DUMP | mode=SystemMode.NOMINAL cams=2 lidar=True alive=True,,u
9.29808497428894,161,demo,0.9,0.51525,SCENARIO_DUMP,SCENARIO_DUMP,Ghost muted safety | Scenario keyframe=DUMP | mode=SystemMode.NOMINAL cams=2 lidar=True alive=True,,u
9.355156898498535,162,demo,0.9,0.51475,SCENARIO_DUMP,SCENARIO_DUMP,Ghost muted safety | Scenario keyframe=DUMP | mode=SystemMode.NOMINAL cams=2 lidar=True alive=True,,u
9.407722234725952,163,demo,0.9,0.51475,SCENARIO_DUMP,SCENARIO_DUMP,Ghost muted safety | Scenario keyframe=DUMP | mode=SystemMode.NOMINAL cams=2 lidar=True alive=True,,u
9.459949493408203,164,demo,0.9,0.51475,SCENARIO_DUMP,SCENARIO_DUMP,Ghost muted safety | Scenario keyframe=DUMP | mode=SystemMode.NOMINAL cams=2 lidar=True alive=True,,u
9.51421856880188,165,demo,0.9,0.51475,SCENARIO_DUMP,SCENARIO_DUMP,Ghost muted safety | Scenario keyframe=DUMP | mode=SystemMode.NOMINAL cams=2 lidar=True alive=True,,u
9.565759658813477,166,demo,0.9,0.51475,SCENARIO_DUMP,SCENARIO_DUMP,Ghost muted safety | Scenario keyframe=DUMP | mode=SystemMode.NOMINAL cams=2 lidar=True alive=True,,u
9.619510412216187,167,demo,0.9,0.515,SCENARIO_DUMP,SCENARIO_DUMP,Ghost muted safety | Scenario keyframe=DUMP | mode=SystemMode.NOMINAL cams=2 lidar=True alive=True,,u
9.673441886901855,168,demo,0.9,0.515,SCENARIO_DUMP,SCENARIO_DUMP,Ghost muted safety | Scenario keyframe=DUMP | mode=SystemMode.NOMINAL cams=2 lidar=True alive=True,,u
9.724882364273071,169,demo,0.9,0.515,SCENARIO_DUMP,SCENARIO_DUMP,Ghost muted safety | Scenario keyframe=DUMP | mode=SystemMode.NOMINAL cams=2 lidar=True alive=True,,u
9.778579711914062,170,demo,0.9,0.515,SCENARIO_DUMP,SCENARIO_DUMP,Ghost muted safety | Scenario keyframe=DUMP | mode=SystemMode.NOMINAL cams=2 lidar=True alive=True,,u
9.836440563201904,171,demo,0.9,0.515,SCENARIO_DUMP,SCENARIO_DUMP,Ghost muted safety | Scenario keyframe=DUMP | mode=SystemMode.NOMINAL cams=2 lidar=True alive=True,,u
9.885701179504395,172,demo,0.9,0.515,SCENARIO_DUMP,SCENARIO_DUMP,Ghost muted safety | Scenario keyframe=DUMP | mode=SystemMode.NOMINAL cams=2 lidar=True alive=True,,u
9.937917470932007,173,demo,0.9,0.515,SCENARIO_DUMP,SCENARIO_DUMP,Ghost muted safety | Scenario keyframe=DUMP | mode=SystemMode.NOMINAL cams=2 lidar=True alive=True,,u
9.99207878112793,174,demo,0.9,0.515,SCENARIO_DUMP,SCENARIO_DUMP,Ghost muted safety | Scenario keyframe=DUMP | mode=SystemMode.NOMINAL cams=2 lidar=True alive=True,,u
10.049524307250977,175,demo,0.9,0.515,SCENARIO_DUMP,SCENARIO_DUMP,Ghost muted safety | Scenario keyframe=DUMP | mode=SystemMode.NOMINAL cams=2 lidar=True alive=True,,u
10.101346731185913,176,demo,0.9,0.515,SCENARIO_DUMP,SCENARIO_DUMP,Ghost muted safety | Scenario keyframe=DUMP | mode=SystemMode.NOMINAL cams=2 lidar=True alive=True,,u
10.153968095779419,177,demo,0.9,0.51575,SCENARIO_DUMP,SCENARIO_DUMP,Ghost muted safety | Scenario keyframe=DUMP | mode=SystemMode.NOMINAL cams=2 lidar=True alive=True,,u
10.20575475692749,178,demo,0.9,0.51575,SCENARIO_DUMP,SCENARIO_DUMP,Ghost muted safety | Scenario keyframe=DUMP | mode=SystemMode.NOMINAL cams=2 lidar=True alive=True,,u
10.259423017501831,179,demo,0.9,0.51575,SCENARIO_DUMP,SCENARIO_DUMP,Ghost muted safety | Scenario keyframe=DUMP | mode=SystemMode.NOMINAL cams=2 lidar=True alive=True,,u
10.314334630966187,180,demo,0.9,0.51575,SCENARIO_DUMP,SCENARIO_DUMP,Ghost muted safety | Scenario keyframe=DUMP | mode=SystemMode.NOMINAL cams=2 lidar=True alive=True,,u
10.366859436035156,181,demo,0.9,0.51575,SCENARIO_DUMP,SCENARIO_DUMP,Ghost muted safety | Scenario keyframe=DUMP | mode=SystemMode.NOMINAL cams=2 lidar=True alive=True,,u
10.420810222625732,182,demo,0.9,0.51525,SCENARIO_DUMP,SCENARIO_DUMP,Ghost muted safety | Scenario keyframe=DUMP | mode=SystemMode.NOMINAL cams=2 lidar=True alive=True,,u
10.472651958465576,183,demo,0.9,0.51525,SCENARIO_DUMP,SCENARIO_DUMP,Ghost muted safety | Scenario keyframe=DUMP | mode=SystemMode.NOMINAL cams=2 lidar=True alive=True,,u
10.525624990463257,184,demo,0.9,0.51525,SCENARIO_DUMP,SCENARIO_DUMP,Ghost muted safety | Scenario keyframe=DUMP | mode=SystemMode.NOMINAL cams=2 lidar=True alive=True,,u
10.578192472457886,185,demo,0.9,0.51525,SCENARIO_DUMP,SCENARIO_DUMP,Ghost muted safety | Scenario keyframe=DUMP | mode=SystemMode.NOMINAL cams=2 lidar=True alive=True,,u
10.63245701789856,186,demo,0.9,0.51525,SCENARIO_DUMP,SCENARIO_DUMP,Ghost muted safety | Scenario keyframe=DUMP | mode=SystemMode.NOMINAL cams=2 lidar=True alive=True,,u
10.68667221069336,187,demo,0.9,0.5155,SCENARIO_DUMP,SCENARIO_DUMP,Ghost muted safety | Scenario keyframe=DUMP | mode=SystemMode.NOMINAL cams=2 lidar=True alive=True,,u
10.741188526153564,188,demo,0.9,0.5155,SCENARIO_DUMP,SCENARIO_DUMP,Ghost muted safety | Scenario keyframe=DUMP | mode=SystemMode.NOMINAL cams=2 lidar=True alive=True,,u
10.792063474655151,189,demo,0.9,0.5155,SCENARIO_DUMP,SCENARIO_DUMP,Ghost muted safety | Scenario keyframe=DUMP | mode=SystemMode.NOMINAL cams=2 lidar=True alive=True,,u
10.850570678710938,190,demo,0.9,0.5155,SCENARIO_DUMP,SCENARIO_DUMP,Ghost muted safety | Scenario keyframe=DUMP | mode=SystemMode.NOMINAL cams=2 lidar=True alive=True,,u
10.900203943252563,191,demo,0.9,0.5155,SCENARIO_DUMP,SCENARIO_DUMP,Ghost muted safety | Scenario keyframe=DUMP | mode=SystemMode.NOMINAL cams=2 lidar=True alive=True,,u
10.954802513122559,192,demo,0.9,0.51525,SCENARIO_DUMP,SCENARIO_DUMP,Ghost muted safety | Scenario keyframe=DUMP | mode=SystemMode.NOMINAL cams=2 lidar=True alive=True,,u
11.007155895233154,193,demo,0.9,0.51525,SCENARIO_DUMP,SCENARIO_DUMP,Ghost muted safety | Scenario keyframe=DUMP | mode=SystemMode.NOMINAL cams=2 lidar=True alive=True,,u
11.057546138763428,194,demo,0.9,0.51525,SCENARIO_DUMP,SCENARIO_DUMP,Ghost muted safety | Scenario keyframe=DUMP | mode=SystemMode.NOMINAL cams=2 lidar=True alive=True,,u
11.112390518188477,195,demo,0.9,0.51525,SCENARIO_DUMP,SCENARIO_DUMP,Ghost muted safety | Scenario keyframe=DUMP | mode=SystemMode.NOMINAL cams=2 lidar=True alive=True,,u
11.166060209274292,196,demo,0.9,0.51525,SCENARIO_DUMP,SCENARIO_DUMP,Ghost muted safety | Scenario keyframe=DUMP | mode=SystemMode.NOMINAL cams=2 lidar=True alive=True,,u
11.217085838317871,197,demo,0.9,0.5155,SCENARIO_DUMP,SCENARIO_DUMP,Ghost muted safety | Scenario keyframe=DUMP | mode=SystemMode.NOMINAL cams=2 lidar=True alive=True,,u
11.274146318435669,198,demo,0.9,0.5155,SCENARIO_DUMP,SCENARIO_DUMP,Ghost muted safety | Scenario keyframe=DUMP | mode=SystemMode.NOMINAL cams=2 lidar=True alive=True,,u
11.329020261764526,199,demo,0.9,0.5155,SCENARIO_DUMP,SCENARIO_DUMP,Ghost muted safety | Scenario keyframe=DUMP | mode=SystemMode.NOMINAL cams=2 lidar=True alive=True,,u
11.381799936294556,200,demo,0.9,0.5155,SCENARIO_DUMP,SCENARIO_DUMP,Ghost muted safety | Scenario keyframe=DUMP | mode=SystemMode.NOMINAL cams=2 lidar=True alive=True,,u
11.434419393539429,201,demo,0.9,0.5155,SCENARIO_DUMP,SCENARIO_DUMP,Ghost muted safety | Scenario keyframe=DUMP | mode=SystemMode.NOMINAL cams=2 lidar=True alive=True,,u
11.484920740127563,202,demo,0.9,0.51525,SCENARIO_DUMP,SCENARIO_DUMP,Ghost muted safety | Scenario keyframe=DUMP | mode=SystemMode.NOMINAL cams=2 lidar=True alive=True,,u
11.540143013000488,203,demo,0.9,0.51525,SCENARIO_DUMP,SCENARIO_DUMP,Ghost muted safety | Scenario keyframe=DUMP | mode=SystemMode.NOMINAL cams=2 lidar=True alive=True,,u
11.592599391937256,204,demo,0.9,0.51525,SCENARIO_DUMP,SCENARIO_DUMP,Ghost muted safety | Scenario keyframe=DUMP | mode=SystemMode.NOMINAL cams=2 lidar=True alive=True,,u
11.647298574447632,205,demo,0.9,0.51525,SCENARIO_DUMP,SCENARIO_DUMP,Ghost muted safety | Scenario keyframe=DUMP | mode=SystemMode.NOMINAL cams=2 lidar=True alive=True,,u
11.69868803024292,206,demo,0.9,0.51525,SCENARIO_DUMP,SCENARIO_DUMP,Ghost muted safety | Scenario keyframe=DUMP | mode=SystemMode.NOMINAL cams=2 lidar=True alive=True,,u
11.751197814941406,207,demo,0.9,0.51475,SCENARIO_DUMP,SCENARIO_DUMP,Ghost muted safety | Scenario keyframe=DUMP | mode=SystemMode.NOMINAL cams=2 lidar=True alive=True,,u
11.805789232254028,208,demo,0.9,0.51475,SCENARIO_DUMP,SCENARIO_DUMP,Ghost muted safety | Scenario keyframe=DUMP | mode=SystemMode.NOMINAL cams=2 lidar=True alive=True,,u
11.860424995422363,209,demo,0.9,0.51475,SCENARIO_DUMP,SCENARIO_DUMP,Ghost muted safety | Scenario keyframe=DUMP | mode=SystemMode.NOMINAL cams=2 lidar=True alive=True,,u
11.911383390426636,210,demo,0.9,0.51475,SCENARIO_HOME,SCENARIO_HOME,Ghost muted safety | Scenario keyframe=HOME | mode=SystemMode.NOMINAL cams=2 lidar=True alive=True,,u
11.968011379241943,211,demo,0.9,0.51475,SCENARIO_HOME,SCENARIO_HOME,Ghost muted safety | Scenario keyframe=HOME | mode=SystemMode.NOMINAL cams=2 lidar=True alive=True,,u
12.021318912506104,212,demo,0.9,0.51475,SCENARIO_HOME,SCENARIO_HOME,Ghost muted safety | Scenario keyframe=HOME | mode=SystemMode.NOMINAL cams=2 lidar=True alive=True,,u
12.071565628051758,213,demo,0.9,0.51475,SCENARIO_HOME,SCENARIO_HOME,Ghost muted safety | Scenario keyframe=HOME | mode=SystemMode.NOMINAL cams=2 lidar=True alive=True,,u
12.128066301345825,214,demo,0.9,0.51475,SCENARIO_HOME,SCENARIO_HOME,Ghost muted safety | Scenario keyframe=HOME | mode=SystemMode.NOMINAL cams=2 lidar=True alive=True,,u
12.178410530090332,215,demo,0.9,0.51475,SCENARIO_HOME,SCENARIO_HOME,Ghost muted safety | Scenario keyframe=HOME | mode=SystemMode.NOMINAL cams=2 lidar=True alive=True,,u
12.236282110214233,216,demo,0.9,0.51475,SCENARIO_HOME,SCENARIO_HOME,Ghost muted safety | Scenario keyframe=HOME | mode=SystemMode.NOMINAL cams=2 lidar=True alive=True,,u
12.285246133804321,217,demo,0.9,0.51475,SCENARIO_HOME,SCENARIO_HOME,Ghost muted safety | Scenario keyframe=HOME | mode=SystemMode.NOMINAL cams=2 lidar=True alive=True,,u
12.337915182113647,218,demo,0.9,0.51475,SCENARIO_HOME,SCENARIO_HOME,Ghost muted safety | Scenario keyframe=HOME | mode=SystemMode.NOMINAL cams=2 lidar=True alive=True,,u
12.3914475440979,219,demo,0.9,0.51475,SCENARIO_HOME,SCENARIO_HOME,Ghost muted safety | Scenario keyframe=HOME | mode=SystemMode.NOMINAL cams=2 lidar=True alive=True,,u
12.447532892227173,220,demo,0.9,0.51475,SCENARIO_HOME,SCENARIO_HOME,Ghost muted safety | Scenario keyframe=HOME | mode=SystemMode.NOMINAL cams=2 lidar=True alive=True,,u
12.499586343765259,221,demo,0.9,0.51475,SCENARIO_HOME,SCENARIO_HOME,Ghost muted safety | Scenario keyframe=HOME | mode=SystemMode.NOMINAL cams=2 lidar=True alive=True,,u
12.553840160369873,222,demo,0.9,0.51525,SCENARIO_HOME,SCENARIO_HOME,Ghost muted safety | Scenario keyframe=HOME | mode=SystemMode.NOMINAL cams=2 lidar=True alive=True,,u
12.606499671936035,223,demo,0.9,0.51525,SCENARIO_HOME,SCENARIO_HOME,Ghost muted safety | Scenario keyframe=HOME | mode=SystemMode.NOMINAL cams=2 lidar=True alive=True,,u
12.658949613571167,224,demo,0.9,0.51525,SCENARIO_HOME,SCENARIO_HOME,Ghost muted safety | Scenario keyframe=HOME | mode=SystemMode.NOMINAL cams=2 lidar=True alive=True,,u
12.714410543441772,225,demo,0.9,0.51525,SCENARIO_HOME,SCENARIO_HOME,Ghost muted safety | Scenario keyframe=HOME | mode=SystemMode.NOMINAL cams=2 lidar=True alive=True,,u
12.76314663887024,226,demo,0.9,0.51525,SCENARIO_HOME,SCENARIO_HOME,Ghost muted safety | Scenario keyframe=HOME | mode=SystemMode.NOMINAL cams=2 lidar=True alive=True,,u
12.820136308670044,227,demo,0.9,0.51475,SCENARIO_HOME,SCENARIO_HOME,Ghost muted safety | Scenario keyframe=HOME | mode=SystemMode.NOMINAL cams=2 lidar=True alive=True,,u
12.874044179916382,228,demo,0.9,0.51475,SCENARIO_HOME,SCENARIO_HOME,Ghost muted safety | Scenario keyframe=HOME | mode=SystemMode.NOMINAL cams=2 lidar=True alive=True,,u
12.925318002700806,229,demo,0.9,0.51475,SCENARIO_HOME,SCENARIO_HOME,Ghost muted safety | Scenario keyframe=HOME | mode=SystemMode.NOMINAL cams=2 lidar=True alive=True,,u
12.980432271957397,230,demo,0.9,0.51475,SCENARIO_HOME,SCENARIO_HOME,Ghost muted safety | Scenario keyframe=HOME | mode=SystemMode.NOMINAL cams=2 lidar=True alive=True,,u
13.034836053848267,231,demo,0.9,0.51475,SCENARIO_HOME,SCENARIO_HOME,Ghost muted safety | Scenario keyframe=HOME | mode=SystemMode.NOMINAL cams=2 lidar=True alive=True,,u
13.086824178695679,232,demo,0.9,0.515,SCENARIO_HOME,SCENARIO_HOME,Ghost muted safety | Scenario keyframe=HOME | mode=SystemMode.NOMINAL cams=2 lidar=True alive=True,,u
13.138830184936523,233,demo,0.9,0.515,SCENARIO_HOME,SCENARIO_HOME,Ghost muted safety | Scenario keyframe=HOME | mode=SystemMode.NOMINAL cams=2 lidar=True alive=True,,u
13.191327571868896,234,demo,0.9,0.515,SCENARIO_HOME,SCENARIO_HOME,Ghost muted safety | Scenario keyframe=HOME | mode=SystemMode.NOMINAL cams=2 lidar=True alive=True,,u
13.24657392501831,235,demo,0.9,0.515,SCENARIO_HOME,SCENARIO_HOME,Ghost muted safety | Scenario keyframe=HOME | mode=SystemMode.NOMINAL cams=2 lidar=True alive=True,,u
13.298120975494385,236,demo,0.9,0.515,SCENARIO_HOME,SCENARIO_HOME,Ghost muted safety | Scenario keyframe=HOME | mode=SystemMode.NOMINAL cams=2 lidar=True alive=True,,u
13.354112148284912,237,demo,0.9,0.5155,SCENARIO_HOME,SCENARIO_HOME,Ghost muted safety | Scenario keyframe=HOME | mode=SystemMode.NOMINAL cams=2 lidar=True alive=True,,u
13.409515142440796,238,demo,0.9,0.5155,SCENARIO_HOME,SCENARIO_HOME,Ghost muted safety | Scenario keyframe=HOME | mode=SystemMode.NOMINAL cams=2 lidar=True alive=True,,u
13.455940246582031,239,demo,0.9,0.5155,SCENARIO_HOME,SCENARIO_HOME,Ghost muted safety | Scenario keyframe=HOME | mode=SystemMode.NOMINAL cams=2 lidar=True alive=True,,u
13.510644912719727,240,demo,0.9,0.5155,SCENARIO_HOME,SCENARIO_HOME,Ghost muted safety | Scenario keyframe=HOME | mode=SystemMode.NOMINAL cams=2 lidar=True alive=True,,u
13.567023277282715,241,demo,0.9,0.5155,SCENARIO_HOME,SCENARIO_HOME,Ghost muted safety | Scenario keyframe=HOME | mode=SystemMode.NOMINAL cams=2 lidar=True alive=True,,u
13.61626124382019,242,demo,0.9,0.5155,SCENARIO_HOME,SCENARIO_HOME,Ghost muted safety | Scenario keyframe=HOME | mode=SystemMode.NOMINAL cams=2 lidar=True alive=True,,u
13.670773267745972,243,demo,0.9,0.5155,SCENARIO_HOME,SCENARIO_HOME,Ghost muted safety | Scenario keyframe=HOME | mode=SystemMode.NOMINAL cams=2 lidar=True alive=True,,u
13.723186254501343,244,demo,0.9,0.5155,SCENARIO_HOME,SCENARIO_HOME,Ghost muted safety | Scenario keyframe=HOME | mode=SystemMode.NOMINAL cams=2 lidar=True alive=True,,u
13.776669263839722,245,demo,0.9,0.5155,SCENARIO_HOME,SCENARIO_HOME,Ghost muted safety | Scenario keyframe=HOME | mode=SystemMode.NOMINAL cams=2 lidar=True alive=True,,u
13.832313537597656,246,demo,0.9,0.5155,SCENARIO_HOME,SCENARIO_HOME,Ghost muted safety | Scenario keyframe=HOME | mode=SystemMode.NOMINAL cams=2 lidar=True alive=True,,u
13.883689403533936,247,demo,0.9,0.515,SCENARIO_HOME,SCENARIO_HOME,Ghost muted safety | Scenario keyframe=HOME | mode=SystemMode.NOMINAL cams=2 lidar=True alive=True,,u
13.937891721725464,248,demo,0.9,0.515,SCENARIO_TUCK,SCENARIO_TUCK,Ghost muted safety | Scenario keyframe=TUCK | mode=SystemMode.NOMINAL cams=2 lidar=True alive=True,,u
13.995738983154297,249,demo,0.9,0.515,SCENARIO_TUCK,SCENARIO_TUCK,Ghost muted safety | Scenario keyframe=TUCK | mode=SystemMode.NOMINAL cams=2 lidar=True alive=True,,u
14.04315447807312,250,demo,0.9,0.515,SCENARIO_TUCK,SCENARIO_TUCK,Ghost muted safety | Scenario keyframe=TUCK | mode=SystemMode.NOMINAL cams=2 lidar=True alive=True,,u
14.098965644836426,251,demo,0.9,0.515,SCENARIO_TUCK,SCENARIO_TUCK,Ghost muted safety | Scenario keyframe=TUCK | mode=SystemMode.NOMINAL cams=2 lidar=True alive=True,,u
14.153559684753418,252,demo,0.9,0.51525,SCENARIO_TUCK,SCENARIO_TUCK,Ghost muted safety | Scenario keyframe=TUCK | mode=SystemMode.NOMINAL cams=2 lidar=True alive=True,,u
14.204826593399048,253,demo,0.9,0.51525,SCENARIO_TUCK,SCENARIO_TUCK,Ghost muted safety | Scenario keyframe=TUCK | mode=SystemMode.NOMINAL cams=2 lidar=True alive=True,,u
14.258426189422607,254,demo,0.9,0.51525,SCENARIO_TUCK,SCENARIO_TUCK,Ghost muted safety | Scenario keyframe=TUCK | mode=SystemMode.NOMINAL cams=2 lidar=True alive=True,,u
14.311087846755981,255,demo,0.9,0.51525,SCENARIO_TUCK,SCENARIO_TUCK,Ghost muted safety | Scenario keyframe=TUCK | mode=SystemMode.NOMINAL cams=2 lidar=True alive=True,,u
14.367856740951538,256,demo,0.9,0.51525,SCENARIO_TUCK,SCENARIO_TUCK,Ghost muted safety | Scenario keyframe=TUCK | mode=SystemMode.NOMINAL cams=2 lidar=True alive=True,,u
14.421720743179321,257,demo,0.9,0.5145,SCENARIO_TUCK,SCENARIO_TUCK,Ghost muted safety | Scenario keyframe=TUCK | mode=SystemMode.NOMINAL cams=2 lidar=True alive=True,,u
14.471394300460815,258,demo,0.9,0.5145,SCENARIO_TUCK,SCENARIO_TUCK,Ghost muted safety | Scenario keyframe=TUCK | mode=SystemMode.NOMINAL cams=2 lidar=True alive=True,,u
14.523575782775879,259,demo,0.9,0.5145,SCENARIO_TUCK,SCENARIO_TUCK,Ghost muted safety | Scenario keyframe=TUCK | mode=SystemMode.NOMINAL cams=2 lidar=True alive=True,,u
14.57755160331726,260,demo,0.9,0.5145,SCENARIO_TUCK,SCENARIO_TUCK,Ghost muted safety | Scenario keyframe=TUCK | mode=SystemMode.NOMINAL cams=2 lidar=True alive=True,,u
14.629761695861816,261,demo,0.9,0.5145,SCENARIO_TUCK,SCENARIO_TUCK,Ghost muted safety | Scenario keyframe=TUCK | mode=SystemMode.NOMINAL cams=2 lidar=True alive=True,,u
14.685042142868042,262,demo,0.9,0.5155,SCENARIO_TUCK,SCENARIO_TUCK,Ghost muted safety | Scenario keyframe=TUCK | mode=SystemMode.NOMINAL cams=2 lidar=True alive=True,,u
14.736889362335205,263,demo,0.9,0.5155,SCENARIO_TUCK,SCENARIO_TUCK,Ghost muted safety | Scenario keyframe=TUCK | mode=SystemMode.NOMINAL cams=2 lidar=True alive=True,,u
14.793833494186401,264,demo,0.9,0.5155,SCENARIO_TUCK,SCENARIO_TUCK,Ghost muted safety | Scenario keyframe=TUCK | mode=SystemMode.NOMINAL cams=2 lidar=True alive=True,,u
14.845539569854736,265,demo,0.9,0.5155,SCENARIO_TUCK,SCENARIO_TUCK,Ghost muted safety | Scenario keyframe=TUCK | mode=SystemMode.NOMINAL cams=2 lidar=True alive=True,,u
14.895771265029907,266,demo,0.9,0.5155,SCENARIO_TUCK,SCENARIO_TUCK,Ghost muted safety | Scenario keyframe=TUCK | mode=SystemMode.NOMINAL cams=2 lidar=True alive=True,,u
14.953515768051147,267,demo,0.9,0.51525,SCENARIO_TUCK,SCENARIO_TUCK,Ghost muted safety | Scenario keyframe=TUCK | mode=SystemMode.NOMINAL cams=2 lidar=True alive=True,,u
15.004533290863037,268,demo,0.9,0.51525,SCENARIO_TUCK,SCENARIO_TUCK,Ghost muted safety | Scenario keyframe=TUCK | mode=SystemMode.NOMINAL cams=2 lidar=True alive=True,,u
15.057218551635742,269,demo,0.9,0.51525,SCENARIO_TUCK,SCENARIO_TUCK,Ghost muted safety | Scenario keyframe=TUCK | mode=SystemMode.NOMINAL cams=2 lidar=True alive=True,,u
15.112511396408081,270,demo,0.9,0.51525,SCENARIO_TUCK,SCENARIO_TUCK,Ghost muted safety | Scenario keyframe=TUCK | mode=SystemMode.NOMINAL cams=2 lidar=True alive=True,,u
15.165912389755249,271,demo,0.9,0.51525,SCENARIO_TUCK,SCENARIO_TUCK,Ghost muted safety | Scenario keyframe=TUCK | mode=SystemMode.NOMINAL cams=2 lidar=True alive=True,,u
15.220713376998901,272,demo,0.9,0.515,SCENARIO_TUCK,SCENARIO_TUCK,Ghost muted safety | Scenario keyframe=TUCK | mode=SystemMode.NOMINAL cams=2 lidar=True alive=True,,u
15.27198314666748,273,demo,0.9,0.515,SCENARIO_TUCK,SCENARIO_TUCK,Ghost muted safety | Scenario keyframe=TUCK | mode=SystemMode.NOMINAL cams=2 lidar=True alive=True,,u
15.322298288345337,274,demo,0.9,0.515,SCENARIO_TUCK,SCENARIO_TUCK,Ghost muted safety | Scenario keyframe=TUCK | mode=SystemMode.NOMINAL cams=2 lidar=True alive=True,,u
15.379325151443481,275,demo,0.9,0.515,SCENARIO_TUCK,SCENARIO_TUCK,Ghost muted safety | Scenario keyframe=TUCK | mode=SystemMode.NOMINAL cams=2 lidar=True alive=True,,u
15.43315076828003,276,demo,0.9,0.515,SCENARIO_TUCK,SCENARIO_TUCK,Ghost muted safety | Scenario keyframe=TUCK | mode=SystemMode.NOMINAL cams=2 lidar=True alive=True,,u
15.48406982421875,277,demo,0.9,0.51525,SCENARIO_TUCK,SCENARIO_TUCK,Ghost muted safety | Scenario keyframe=TUCK | mode=SystemMode.NOMINAL cams=2 lidar=True alive=True,,u
15.537233829498291,278,demo,0.9,0.51525,SCENARIO_TUCK,SCENARIO_TUCK,Ghost muted safety | Scenario keyframe=TUCK | mode=SystemMode.NOMINAL cams=2 lidar=True alive=True,,u
15.591259002685547,279,demo,0.9,0.51525,SCENARIO_TUCK,SCENARIO_TUCK,Ghost muted safety | Scenario keyframe=TUCK | mode=SystemMode.NOMINAL cams=2 lidar=True alive=True,,u
15.646648168563843,280,demo,0.9,0.51525,SCENARIO_TUCK,SCENARIO_TUCK,Ghost muted safety | Scenario keyframe=TUCK | mode=SystemMode.NOMINAL cams=2 lidar=True alive=True,,u
15.697681665420532,281,demo,0.9,0.51525,SCENARIO_TUCK,SCENARIO_TUCK,Ghost muted safety | Scenario keyframe=TUCK | mode=SystemMode.NOMINAL cams=2 lidar=True alive=True,,u
15.752245903015137,282,demo,0.9,0.51525,SCENARIO_TUCK,SCENARIO_TUCK,Ghost muted safety | Scenario keyframe=TUCK | mode=SystemMode.NOMINAL cams=2 lidar=True alive=True,,u
15.806427001953125,283,demo,0.9,0.51525,SCENARIO_TUCK,SCENARIO_TUCK,Ghost muted safety | Scenario keyframe=TUCK | mode=SystemMode.NOMINAL cams=2 lidar=True alive=True,,u
15.857276916503906,284,demo,0.9,0.51525,SCENARIO_TUCK,SCENARIO_TUCK,Ghost muted safety | Scenario keyframe=TUCK | mode=SystemMode.NOMINAL cams=2 lidar=True alive=True,,u
15.911411046981812,285,demo,0.9,0.51525,SCENARIO_DUMP,SCENARIO_DUMP,Ghost muted safety | Scenario keyframe=DUMP | mode=SystemMode.NOMINAL cams=2 lidar=True alive=True,,u
15.96871542930603,286,demo,0.9,0.51525,SCENARIO_DUMP,SCENARIO_DUMP,Ghost muted safety | Scenario keyframe=DUMP | mode=SystemMode.NOMINAL cams=2 lidar=True alive=True,,u
16.018861293792725,287,demo,0.9,0.514,SCENARIO_DUMP,SCENARIO_DUMP,Ghost muted safety | Scenario keyframe=DUMP | mode=SystemMode.NOMINAL cams=2 lidar=True alive=True,,u
16.071831941604614,288,demo,0.9,0.514,SCENARIO_DUMP,SCENARIO_DUMP,Ghost muted safety | Scenario keyframe=DUMP | mode=SystemMode.NOMINAL cams=2 lidar=True alive=True,,u
16.125043630599976,289,demo,0.9,0.514,SCENARIO_DUMP,SCENARIO_DUMP,Ghost muted safety | Scenario keyframe=DUMP | mode=SystemMode.NOMINAL cams=2 lidar=True alive=True,,u
16.176685094833374,290,demo,0.9,0.514,SCENARIO_DUMP,SCENARIO_DUMP,Ghost muted safety | Scenario keyframe=DUMP | mode=SystemMode.NOMINAL cams=2 lidar=True alive=True,,u
16.236215591430664,291,demo,0.9,0.514,SCENARIO_DUMP,SCENARIO_DUMP,Ghost muted safety | Scenario keyframe=DUMP | mode=SystemMode.NOMINAL cams=2 lidar=True alive=True,,u
16.28284978866577,292,demo,0.9,0.51475,SCENARIO_DUMP,SCENARIO_DUMP,Ghost muted safety | Scenario keyframe=DUMP | mode=SystemMode.NOMINAL cams=2 lidar=True alive=True,,u
16.33821725845337,293,demo,0.9,0.51475,SCENARIO_DUMP,SCENARIO_DUMP,Ghost muted safety | Scenario keyframe=DUMP | mode=SystemMode.NOMINAL cams=2 lidar=True alive=True,,u
16.39316463470459,294,demo,0.9,0.51475,SCENARIO_DUMP,SCENARIO_DUMP,Ghost muted safety | Scenario keyframe=DUMP | mode=SystemMode.NOMINAL cams=2 lidar=True alive=True,,u
16.445019006729126,295,demo,0.9,0.51475,SCENARIO_DUMP,SCENARIO_DUMP,Ghost muted safety | Scenario keyframe=DUMP | mode=SystemMode.NOMINAL cams=2 lidar=True alive=True,,u
16.49666929244995,296,demo,0.9,0.51475,SCENARIO_DUMP,SCENARIO_DUMP,Ghost muted safety | Scenario keyframe=DUMP | mode=SystemMode.NOMINAL cams=2 lidar=True alive=True,,u
16.55138111114502,297,demo,0.9,0.5145,SCENARIO_DUMP,SCENARIO_DUMP,Ghost muted safety | Scenario keyframe=DUMP | mode=SystemMode.NOMINAL cams=2 lidar=True alive=True,,u
16.60655426979065,298,demo,0.9,0.5145,SCENARIO_DUMP,SCENARIO_DUMP,Ghost muted safety | Scenario keyframe=DUMP | mode=SystemMode.NOMINAL cams=2 lidar=True alive=True,,u
16.657838106155396,299,demo,0.9,0.5145,SCENARIO_DUMP,SCENARIO_DUMP,Ghost muted safety | Scenario keyframe=DUMP | mode=SystemMode.NOMINAL cams=2 lidar=True alive=True,,u
16.709935426712036,300,demo,0.9,0.5145,SCENARIO_DUMP,SCENARIO_DUMP,Ghost muted safety | Scenario keyframe=DUMP | mode=SystemMode.NOMINAL cams=2 lidar=True alive=True,,u
16.764726877212524,301,demo,0.9,0.5145,SCENARIO_DUMP,SCENARIO_DUMP,Ghost muted safety | Scenario keyframe=DUMP | mode=SystemMode.NOMINAL cams=2 lidar=True alive=True,,u
16.816354990005493,302,demo,0.9,0.51475,SCENARIO_DUMP,SCENARIO_DUMP,Ghost muted safety | Scenario keyframe=DUMP | mode=SystemMode.NOMINAL cams=2 lidar=True alive=True,,u
16.874314308166504,303,demo,0.9,0.51475,SCENARIO_DUMP,SCENARIO_DUMP,Ghost muted safety | Scenario keyframe=DUMP | mode=SystemMode.NOMINAL cams=2 lidar=True alive=True,,u
16.923691749572754,304,demo,0.9,0.51475,SCENARIO_DUMP,SCENARIO_DUMP,Ghost muted safety | Scenario keyframe=DUMP | mode=SystemMode.NOMINAL cams=2 lidar=True alive=True,,u
16.977903127670288,305,demo,0.9,0.51475,SCENARIO_DUMP,SCENARIO_DUMP,Ghost muted safety | Scenario keyframe=DUMP | mode=SystemMode.NOMINAL cams=2 lidar=True alive=True,,u
17.032117128372192,306,demo,0.9,0.51475,SCENARIO_DUMP,SCENARIO_DUMP,Ghost muted safety | Scenario keyframe=DUMP | mode=SystemMode.NOMINAL cams=2 lidar=True alive=True,,u
17.085258722305298,307,demo,0.9,0.515,SCENARIO_DUMP,SCENARIO_DUMP,Ghost muted safety | Scenario keyframe=DUMP | mode=SystemMode.NOMINAL cams=2 lidar=True alive=True,,u
17.139139890670776,308,demo,0.9,0.515,SCENARIO_DUMP,SCENARIO_DUMP,Ghost muted safety | Scenario keyframe=DUMP | mode=SystemMode.NOMINAL cams=2 lidar=True alive=True,,u
17.193150758743286,309,demo,0.9,0.515,SCENARIO_DUMP,SCENARIO_DUMP,Ghost muted safety | Scenario keyframe=DUMP | mode=SystemMode.NOMINAL cams=2 lidar=True alive=True,,u
17.24416995048523,310,demo,0.9,0.515,SCENARIO_DUMP,SCENARIO_DUMP,Ghost muted safety | Scenario keyframe=DUMP | mode=SystemMode.NOMINAL cams=2 lidar=True alive=True,,u
17.2996768951416,311,demo,0.9,0.515,SCENARIO_DUMP,SCENARIO_DUMP,Ghost muted safety | Scenario keyframe=DUMP | mode=SystemMode.NOMINAL cams=2 lidar=True alive=True,,u
17.350653409957886,312,demo,0.9,0.51525,SCENARIO_DUMP,SCENARIO_DUMP,Ghost muted safety | Scenario keyframe=DUMP | mode=SystemMode.NOMINAL cams=2 lidar=True alive=True,,u
17.40284037590027,313,demo,0.9,0.51525,SCENARIO_DUMP,SCENARIO_DUMP,Ghost muted safety | Scenario keyframe=DUMP | mode=SystemMode.NOMINAL cams=2 lidar=True alive=True,,u
17.454590320587158,314,demo,0.9,0.51525,SCENARIO_DUMP,SCENARIO_DUMP,Ghost muted safety | Scenario keyframe=DUMP | mode=SystemMode.NOMINAL cams=2 lidar=True alive=True,,u
17.51017665863037,315,demo,0.9,0.51525,SCENARIO_DUMP,SCENARIO_DUMP,Ghost muted safety | Scenario keyframe=DUMP | mode=SystemMode.NOMINAL cams=2 lidar=True alive=True,,u
17.563729524612427,316,demo,0.9,0.51525,SCENARIO_DUMP,SCENARIO_DUMP,Ghost muted safety | Scenario keyframe=DUMP | mode=SystemMode.NOMINAL cams=2 lidar=True alive=True,,u
17.618887424468994,317,demo,0.9,0.51425,SCENARIO_DUMP,SCENARIO_DUMP,Ghost muted safety | Scenario keyframe=DUMP | mode=SystemMode.NOMINAL cams=2 lidar=True alive=True,,u
17.67077922821045,318,demo,0.9,0.51425,SCENARIO_DUMP,SCENARIO_DUMP,Ghost muted safety | Scenario keyframe=DUMP | mode=SystemMode.NOMINAL cams=2 lidar=True alive=True,,u
17.725951671600342,319,demo,0.9,0.51425,SCENARIO_DUMP,SCENARIO_DUMP,Ghost muted safety | Scenario keyframe=DUMP | mode=SystemMode.NOMINAL cams=2 lidar=True alive=True,,u
17.775925636291504,320,demo,0.9,0.51425,SCENARIO_DUMP,SCENARIO_DUMP,Ghost muted safety | Scenario keyframe=DUMP | mode=SystemMode.NOMINAL cams=2 lidar=True alive=True,,u
17.82928228378296,321,demo,0.9,0.51425,SCENARIO_DUMP,SCENARIO_DUMP,Ghost muted safety | Scenario keyframe=DUMP | mode=SystemMode.NOMINAL cams=2 lidar=True alive=True,,u
17.883936643600464,322,demo,0.9,0.51475,SCENARIO_DUMP,SCENARIO_DUMP,Ghost muted safety | Scenario keyframe=DUMP | mode=SystemMode.NOMINAL cams=2 lidar=True alive=True,,u
17.935524225234985,323,demo,0.9,0.51475,SCENARIO_DUMP,SCENARIO_DUMP,Ghost muted safety | Scenario keyframe=DUMP | mode=SystemMode.NOMINAL cams=2 lidar=True alive=True,,u
17.989630460739136,324,demo,0.9,0.51475,SCENARIO_DUMP,SCENARIO_DUMP,Ghost muted safety | Scenario keyframe=DUMP | mode=SystemMode.NOMINAL cams=2 lidar=True alive=True,,u
18.04442310333252,325,demo,0.9,0.51475,SCENARIO_DUMP,SCENARIO_DUMP,Ghost muted safety | Scenario keyframe=DUMP | mode=SystemMode.NOMINAL cams=2 lidar=True alive=True,,u
18.09858226776123,326,demo,0.9,0.51475,SCENARIO_DUMP,SCENARIO_DUMP,Ghost muted safety | Scenario keyframe=DUMP | mode=SystemMode.NOMINAL cams=2 lidar=True alive=True,,u
18.15105438232422,327,demo,0.9,0.51475,SCENARIO_DUMP,SCENARIO_DUMP,Ghost muted safety | Scenario keyframe=DUMP | mode=SystemMode.NOMINAL cams=2 lidar=True alive=True,,u
18.205618143081665,328,demo,0.9,0.51475,SCENARIO_DUMP,SCENARIO_DUMP,Ghost muted safety | Scenario keyframe=DUMP | mode=SystemMode.NOMINAL cams=2 lidar=True alive=True,,u
18.25803232192993,329,demo,0.9,0.51475,SCENARIO_DUMP,SCENARIO_DUMP,Ghost muted safety | Scenario keyframe=DUMP | mode=SystemMode.NOMINAL cams=2 lidar=True alive=True,,u
18.309503078460693,330,demo,0.9,0.51475,SCENARIO_DUMP,SCENARIO_DUMP,Ghost muted safety | Scenario keyframe=DUMP | mode=SystemMode.NOMINAL cams=2 lidar=True alive=True,,u
18.364808797836304,331,demo,0.9,0.51475,SCENARIO_DUMP,SCENARIO_DUMP,Ghost muted safety | Scenario keyframe=DUMP | mode=SystemMode.NOMINAL cams=2 lidar=True alive=True,,u
18.41968035697937,332,demo,0.9,0.5155,SCENARIO_DUMP,SCENARIO_DUMP,Ghost muted safety | Scenario keyframe=DUMP | mode=SystemMode.NOMINAL cams=2 lidar=True alive=True,,u
18.47172498703003,333,demo,0.9,0.5155,SCENARIO_DUMP,SCENARIO_DUMP,Ghost muted safety | Scenario keyframe=DUMP | mode=SystemMode.NOMINAL cams=2 lidar=True alive=True,,u
18.52254891395569,334,demo,0.9,0.5155,SCENARIO_DUMP,SCENARIO_DUMP,Ghost muted safety | Scenario keyframe=DUMP | mode=SystemMode.NOMINAL cams=2 lidar=True alive=True,,u
18.575565338134766,335,demo,0.9,0.5155,SCENARIO_DUMP,SCENARIO_DUMP,Ghost muted safety | Scenario keyframe=DUMP | mode=SystemMode.NOMINAL cams=2 lidar=True alive=True,,u
18.634084939956665,336,demo,0.9,0.5155,SCENARIO_DUMP,SCENARIO_DUMP,Ghost muted safety | Scenario keyframe=DUMP | mode=SystemMode.NOMINAL cams=2 lidar=True alive=True,,u
18.685888290405273,337,demo,0.9,0.515,SCENARIO_DUMP,SCENARIO_DUMP,Ghost muted safety | Scenario keyframe=DUMP | mode=SystemMode.NOMINAL cams=2 lidar=True alive=True,,u
18.73621153831482,338,demo,0.9,0.515,SCENARIO_DUMP,SCENARIO_DUMP,Ghost muted safety | Scenario keyframe=DUMP | mode=SystemMode.NOMINAL cams=2 lidar=True alive=True,,u
18.792218446731567,339,demo,0.9,0.515,SCENARIO_DUMP,SCENARIO_DUMP,Ghost muted safety | Scenario keyframe=DUMP | mode=SystemMode.NOMINAL cams=2 lidar=True alive=True,,u
18.84652543067932,340,demo,0.9,0.515,SCENARIO_DUMP,SCENARIO_DUMP,Ghost muted safety | Scenario keyframe=DUMP | mode=SystemMode.NOMINAL cams=2 lidar=True alive=True,,u
18.897871017456055,341,demo,0.9,0.515,SCENARIO_HOME,SCENARIO_HOME,Ghost muted safety | Scenario keyframe=HOME | mode=SystemMode.NOMINAL cams=2 lidar=True alive=True,,u
18.95198631286621,342,demo,0.9,0.515,SCENARIO_HOME,SCENARIO_HOME,Ghost muted safety | Scenario keyframe=HOME | mode=SystemMode.NOMINAL cams=2 lidar=True alive=True,,u
19.004135608673096,343,demo,0.9,0.515,SCENARIO_HOME,SCENARIO_HOME,Ghost muted safety | Scenario keyframe=HOME | mode=SystemMode.NOMINAL cams=2 lidar=True alive=True,,u
19.057471990585327,344,demo,0.9,0.515,SCENARIO_HOME,SCENARIO_HOME,Ghost muted safety | Scenario keyframe=HOME | mode=SystemMode.NOMINAL cams=2 lidar=True alive=True,,u
19.112302780151367,345,demo,0.9,0.515,SCENARIO_HOME,SCENARIO_HOME,Ghost muted safety | Scenario keyframe=HOME | mode=SystemMode.NOMINAL cams=2 lidar=True alive=True,,u
19.161489248275757,346,demo,0.9,0.515,SCENARIO_HOME,SCENARIO_HOME,Ghost muted safety | Scenario keyframe=HOME | mode=SystemMode.NOMINAL cams=2 lidar=True alive=True,,u
19.214900732040405,347,demo,0.9,0.51475,SCENARIO_HOME,SCENARIO_HOME,Ghost muted safety | Scenario keyframe=HOME | mode=SystemMode.NOMINAL cams=2 lidar=True alive=True,,u
19.270857095718384,348,demo,0.9,0.51475,SCENARIO_HOME,SCENARIO_HOME,Ghost muted safety | Scenario keyframe=HOME | mode=SystemMode.NOMINAL cams=2 lidar=True alive=True,,u
19.323331832885742,349,demo,0.9,0.51475,SCENARIO_HOME,SCENARIO_HOME,Ghost muted safety | Scenario keyframe=HOME | mode=SystemMode.NOMINAL cams=2 lidar=True alive=True,,u
19.378612756729126,350,demo,0.9,0.51475,SCENARIO_HOME,SCENARIO_HOME,Ghost muted safety | Scenario keyframe=HOME | mode=SystemMode.NOMINAL cams=2 lidar=True alive=True,,u
19.43266201019287,351,demo,0.9,0.51475,SCENARIO_HOME,SCENARIO_HOME,Ghost muted safety | Scenario keyframe=HOME | mode=SystemMode.NOMINAL cams=2 lidar=True alive=True,,u
19.482080698013306,352,demo,0.9,0.51525,SCENARIO_HOME,SCENARIO_HOME,Ghost muted safety | Scenario keyframe=HOME | mode=SystemMode.NOMINAL cams=2 lidar=True alive=True,,u
19.537944078445435,353,demo,0.9,0.51525,SCENARIO_HOME,SCENARIO_HOME,Ghost muted safety | Scenario keyframe=HOME | mode=SystemMode.NOMINAL cams=2 lidar=True alive=True,,u
19.5896315574646,354,demo,0.9,0.51525,SCENARIO_HOME,SCENARIO_HOME,Ghost muted safety | Scenario keyframe=HOME | mode=SystemMode.NOMINAL cams=2 lidar=True alive=True,,u
19.642188549041748,355,demo,0.9,0.51525,SCENARIO_HOME,SCENARIO_HOME,Ghost muted safety | Scenario keyframe=HOME | mode=SystemMode.NOMINAL cams=2 lidar=True alive=True,,u
19.697772979736328,356,demo,0.9,0.51525,SCENARIO_HOME,SCENARIO_HOME,Ghost muted safety | Scenario keyframe=HOME | mode=SystemMode.NOMINAL cams=2 lidar=True alive=True,,u
19.749605655670166,357,demo,0.9,0.5155,SCENARIO_HOME,SCENARIO_HOME,Ghost muted safety | Scenario keyframe=HOME | mode=SystemMode.NOMINAL cams=2 lidar=True alive=True,,u
19.806219816207886,358,demo,0.9,0.5155,SCENARIO_HOME,SCENARIO_HOME,Ghost muted safety | Scenario keyframe=HOME | mode=SystemMode.NOMINAL cams=2 lidar=True alive=True,,u
19.854734182357788,359,demo,0.9,0.5155,SCENARIO_HOME,SCENARIO_HOME,Ghost muted safety | Scenario keyframe=HOME | mode=SystemMode.NOMINAL cams=2 lidar=True alive=True,,u
19.90926718711853,360,demo,0.9,0.5155,SCENARIO_HOME,SCENARIO_HOME,Ghost muted safety | Scenario keyframe=HOME | mode=SystemMode.NOMINAL cams=2 lidar=True alive=True,,u
19.965176105499268,361,demo,0.9,0.5155,SCENARIO_HOME,SCENARIO_HOME,Ghost muted safety | Scenario keyframe=HOME | mode=SystemMode.NOMINAL cams=2 lidar=True alive=True,,u
20.016165018081665,362,demo,0.9,0.515,SCENARIO_HOME,SCENARIO_HOME,Ghost muted safety | Scenario keyframe=HOME | mode=SystemMode.NOMINAL cams=2 lidar=True alive=True,,u
20.07254934310913,363,demo,0.9,0.515,SCENARIO_HOME,SCENARIO_HOME,Ghost muted safety | Scenario keyframe=HOME | mode=SystemMode.NOMINAL cams=2 lidar=True alive=True,,u
20.124448537826538,364,demo,0.9,0.515,SCENARIO_HOME,SCENARIO_HOME,Ghost muted safety | Scenario keyframe=HOME | mode=SystemMode.NOMINAL cams=2 lidar=True alive=True,,u
20.17754292488098,365,demo,0.9,0.515,SCENARIO_HOME,SCENARIO_HOME,Ghost muted safety | Scenario keyframe=HOME | mode=SystemMode.NOMINAL cams=2 lidar=True alive=True,,u
20.23203182220459,366,demo,0.9,0.515,SCENARIO_HOME,SCENARIO_HOME,Ghost muted safety | Scenario keyframe=HOME | mode=SystemMode.NOMINAL cams=2 lidar=True alive=True,,u
20.284204959869385,367,demo,0.9,0.5145,SCENARIO_HOME,SCENARIO_HOME,Ghost muted safety | Scenario keyframe=HOME | mode=SystemMode.NOMINAL cams=2 lidar=True alive=True,,u
20.336617708206177,368,demo,0.9,0.5145,SCENARIO_HOME,SCENARIO_HOME,Ghost muted safety | Scenario keyframe=HOME | mode=SystemMode.NOMINAL cams=2 lidar=True alive=True,,u
20.389419555664062,369,demo,0.9,0.5145,SCENARIO_HOME,SCENARIO_HOME,Ghost muted safety | Scenario keyframe=HOME | mode=SystemMode.NOMINAL cams=2 lidar=True alive=True,,u
20.444385290145874,370,demo,0.9,0.5145,SCENARIO_HOME,SCENARIO_HOME,Ghost muted safety | Scenario keyframe=HOME | mode=SystemMode.NOMINAL cams=2 lidar=True alive=True,,u
20.49767518043518,371,demo,0.9,0.5145,SCENARIO_HOME,SCENARIO_HOME,Ghost muted safety | Scenario keyframe=HOME | mode=SystemMode.NOMINAL cams=2 lidar=True alive=True,,u
20.551002025604248,372,demo,0.9,0.51475,SCENARIO_HOME,SCENARIO_HOME,Ghost muted safety | Scenario keyframe=HOME | mode=SystemMode.NOMINAL cams=2 lidar=True alive=True,,u
20.60446071624756,373,demo,0.9,0.51475,SCENARIO_HOME,SCENARIO_HOME,Ghost muted safety | Scenario keyframe=HOME | mode=SystemMode.NOMINAL cams=2 lidar=True alive=True,,u
20.65988540649414,374,demo,0.9,0.51475,SCENARIO_HOME,SCENARIO_HOME,Ghost muted safety | Scenario keyframe=HOME | mode=SystemMode.NOMINAL cams=2 lidar=True alive=True,,u
20.710826873779297,375,demo,0.9,0.51475,SCENARIO_HOME,SCENARIO_HOME,Ghost muted safety | Scenario keyframe=HOME | mode=SystemMode.NOMINAL cams=2 lidar=True alive=True,,u
20.76249051094055,376,demo,0.9,0.51475,SCENARIO_HOME,SCENARIO_HOME,Ghost muted safety | Scenario keyframe=HOME | mode=SystemMode.NOMINAL cams=2 lidar=True alive=True,,u
20.81836700439453,377,demo,0.9,0.5145,SCENARIO_HOME,SCENARIO_HOME,Ghost muted safety | Scenario keyframe=HOME | mode=SystemMode.NOMINAL cams=2 lidar=True alive=True,,u
20.869786500930786,378,demo,0.9,0.5145,SCENARIO_HOME,SCENARIO_HOME,Ghost muted safety | Scenario keyframe=HOME | mode=SystemMode.NOMINAL cams=2 lidar=True alive=True,,u
20.92220664024353,379,demo,0.9,0.5145,SCENARIO_TUCK,SCENARIO_TUCK,Ghost muted safety | Scenario keyframe=TUCK | mode=SystemMode.NOMINAL cams=2 lidar=True alive=True,,u
20.976830005645752,380,demo,0.9,0.5145,SCENARIO_TUCK,SCENARIO_TUCK,Ghost muted safety | Scenario keyframe=TUCK | mode=SystemMode.NOMINAL cams=2 lidar=True alive=True,,u
21.03176736831665,381,demo,0.9,0.5145,SCENARIO_TUCK,SCENARIO_TUCK,Ghost muted safety | Scenario keyframe=TUCK | mode=SystemMode.NOMINAL cams=2 lidar=True alive=True,,u
21.082697868347168,382,demo,0.9,0.515,SCENARIO_TUCK,SCENARIO_TUCK,Ghost muted safety | Scenario keyframe=TUCK | mode=SystemMode.NOMINAL cams=2 lidar=True alive=True,,u
21.139031887054443,383,demo,0.9,0.515,SCENARIO_TUCK,SCENARIO_TUCK,Ghost muted safety | Scenario keyframe=TUCK | mode=SystemMode.NOMINAL cams=2 lidar=True alive=True,,u
21.191162586212158,384,demo,0.9,0.515,SCENARIO_TUCK,SCENARIO_TUCK,Ghost muted safety | Scenario keyframe=TUCK | mode=SystemMode.NOMINAL cams=2 lidar=True alive=True,,u
21.24189829826355,385,demo,0.9,0.515,SCENARIO_TUCK,SCENARIO_TUCK,Ghost muted safety | Scenario keyframe=TUCK | mode=SystemMode.NOMINAL cams=2 lidar=True alive=True,,u
21.297168970108032,386,demo,0.9,0.515,SCENARIO_TUCK,SCENARIO_TUCK,Ghost muted safety | Scenario keyframe=TUCK | mode=SystemMode.NOMINAL cams=2 lidar=True alive=True,,u
21.350622177124023,387,demo,0.9,0.51425,SCENARIO_TUCK,SCENARIO_TUCK,Ghost muted safety | Scenario keyframe=TUCK | mode=SystemMode.NOMINAL cams=2 lidar=True alive=True,,u
21.40285587310791,388,demo,0.9,0.51425,SCENARIO_TUCK,SCENARIO_TUCK,Ghost muted safety | Scenario keyframe=TUCK | mode=SystemMode.NOMINAL cams=2 lidar=True alive=True,,u
21.4608097076416,389,demo,0.9,0.51425,SCENARIO_TUCK,SCENARIO_TUCK,Ghost muted safety | Scenario keyframe=TUCK | mode=SystemMode.NOMINAL cams=2 lidar=True alive=True,,u
21.510867595672607,390,demo,0.9,0.51425,SCENARIO_TUCK,SCENARIO_TUCK,Ghost muted safety | Scenario keyframe=TUCK | mode=SystemMode.NOMINAL cams=2 lidar=True alive=True,,u
21.564467668533325,391,demo,0.9,0.51425,SCENARIO_TUCK,SCENARIO_TUCK,Ghost muted safety | Scenario keyframe=TUCK | mode=SystemMode.NOMINAL cams=2 lidar=True alive=True,,u
21.614786386489868,392,demo,0.9,0.51475,SCENARIO_TUCK,SCENARIO_TUCK,Ghost muted safety | Scenario keyframe=TUCK | mode=SystemMode.NOMINAL cams=2 lidar=True alive=True,,u
21.66764187812805,393,demo,0.9,0.51475,SCENARIO_TUCK,SCENARIO_TUCK,Ghost muted safety | Scenario keyframe=TUCK | mode=SystemMode.NOMINAL cams=2 lidar=True alive=True,,u
21.726709127426147,394,demo,0.9,0.51475,SCENARIO_TUCK,SCENARIO_TUCK,Ghost muted safety | Scenario keyframe=TUCK | mode=SystemMode.NOMINAL cams=2 lidar=True alive=True,,u
21.776374101638794,395,demo,0.9,0.51475,SCENARIO_TUCK,SCENARIO_TUCK,Ghost muted safety | Scenario keyframe=TUCK | mode=SystemMode.NOMINAL cams=2 lidar=True alive=True,,u
21.831063985824585,396,demo,0.9,0.51475,SCENARIO_TUCK,SCENARIO_TUCK,Ghost muted safety | Scenario keyframe=TUCK | mode=SystemMode.NOMINAL cams=2 lidar=True alive=True,,u
21.883506536483765,397,demo,0.9,0.5155,SCENARIO_TUCK,SCENARIO_TUCK,Ghost muted safety | Scenario keyframe=TUCK | mode=SystemMode.NOMINAL cams=2 lidar=True alive=True,,u
21.93718433380127,398,demo,0.9,0.5155,SCENARIO_TUCK,SCENARIO_TUCK,Ghost muted safety | Scenario keyframe=TUCK | mode=SystemMode.NOMINAL cams=2 lidar=True alive=True,,u
21.989595890045166,399,demo,0.9,0.5155,SCENARIO_TUCK,SCENARIO_TUCK,Ghost muted safety | Scenario keyframe=TUCK | mode=SystemMode.NOMINAL cams=2 lidar=True alive=True,,u
22.044728755950928,400,demo,0.9,0.5155,SCENARIO_TUCK,SCENARIO_TUCK,Ghost muted safety | Scenario keyframe=TUCK | mode=SystemMode.NOMINAL cams=2 lidar=True alive=True,,u
22.096129179000854,401,demo,0.9,0.5155,SCENARIO_TUCK,SCENARIO_TUCK,Ghost muted safety | Scenario keyframe=TUCK | mode=SystemMode.NOMINAL cams=2 lidar=True alive=True,,u
22.148586988449097,402,demo,0.9,0.5155,SCENARIO_TUCK,SCENARIO_TUCK,Ghost muted safety | Scenario keyframe=TUCK | mode=SystemMode.NOMINAL cams=2 lidar=True alive=True,,u
22.203800439834595,403,demo,0.9,0.5155,SCENARIO_TUCK,SCENARIO_TUCK,Ghost muted safety | Scenario keyframe=TUCK | mode=SystemMode.NOMINAL cams=2 lidar=True alive=True,,u
22.25662851333618,404,demo,0.9,0.5155,SCENARIO_TUCK,SCENARIO_TUCK,Ghost muted safety | Scenario keyframe=TUCK | mode=SystemMode.NOMINAL cams=2 lidar=True alive=True,,u
22.310763597488403,405,demo,0.9,0.5155,SCENARIO_TUCK,SCENARIO_TUCK,Ghost muted safety | Scenario keyframe=TUCK | mode=SystemMode.NOMINAL cams=2 lidar=True alive=True,,u
22.367146253585815,406,demo,0.9,0.5155,SCENARIO_TUCK,SCENARIO_TUCK,Ghost muted safety | Scenario keyframe=TUCK | mode=SystemMode.NOMINAL cams=2 lidar=True alive=True,,u
22.415969133377075,407,demo,0.9,0.51575,SCENARIO_TUCK,SCENARIO_TUCK,Ghost muted safety | Scenario keyframe=TUCK | mode=SystemMode.NOMINAL cams=2 lidar=True alive=True,,u
22.470149993896484,408,demo,0.9,0.51575,SCENARIO_TUCK,SCENARIO_TUCK,Ghost muted safety | Scenario keyframe=TUCK | mode=SystemMode.NOMINAL cams=2 lidar=True alive=True,,u
22.524510383605957,409,demo,0.9,0.51575,SCENARIO_TUCK,SCENARIO_TUCK,Ghost muted safety | Scenario keyframe=TUCK | mode=SystemMode.NOMINAL cams=2 lidar=True alive=True,,u
22.577364206314087,410,demo,0.9,0.51575,SCENARIO_TUCK,SCENARIO_TUCK,Ghost muted safety | Scenario keyframe=TUCK | mode=SystemMode.NOMINAL cams=2 lidar=True alive=True,,u
22.630873203277588,411,demo,0.9,0.51575,SCENARIO_TUCK,SCENARIO_TUCK,Ghost muted safety | Scenario keyframe=TUCK | mode=SystemMode.NOMINAL cams=2 lidar=True alive=True,,u
22.682284593582153,412,demo,0.9,0.5155,SCENARIO_TUCK,SCENARIO_TUCK,Ghost muted safety | Scenario keyframe=TUCK | mode=SystemMode.NOMINAL cams=2 lidar=True alive=True,,u
22.735801935195923,413,demo,0.9,0.5155,SCENARIO_TUCK,SCENARIO_TUCK,Ghost muted safety | Scenario keyframe=TUCK | mode=SystemMode.NOMINAL cams=2 lidar=True alive=True,,u
22.789883375167847,414,demo,0.9,0.5155,SCENARIO_TUCK,SCENARIO_TUCK,Ghost muted safety | Scenario keyframe=TUCK | mode=SystemMode.NOMINAL cams=2 lidar=True alive=True,,u
22.845279455184937,415,demo,0.9,0.5155,SCENARIO_TUCK,SCENARIO_TUCK,Ghost muted safety | Scenario keyframe=TUCK | mode=SystemMode.NOMINAL cams=2 lidar=True alive=True,,u
22.89622712135315,416,demo,0.9,0.5155,SCENARIO_TUCK,SCENARIO_TUCK,Ghost muted safety | Scenario keyframe=TUCK | mode=SystemMode.NOMINAL cams=2 lidar=True alive=True,,u
22.952014207839966,417,demo,0.9,0.51525,SCENARIO_DUMP,SCENARIO_DUMP,Ghost muted safety | Scenario keyframe=DUMP | mode=SystemMode.NOMINAL cams=2 lidar=True alive=True,,u
23.004382848739624,418,demo,0.9,0.51525,SCENARIO_DUMP,SCENARIO_DUMP,Ghost muted safety | Scenario keyframe=DUMP | mode=SystemMode.NOMINAL cams=2 lidar=True alive=True,,u
23.056453227996826,419,demo,0.9,0.51525,SCENARIO_DUMP,SCENARIO_DUMP,Ghost muted safety | Scenario keyframe=DUMP | mode=SystemMode.NOMINAL cams=2 lidar=True alive=True,,u
23.107630491256714,420,demo,0.9,0.51525,SCENARIO_DUMP,SCENARIO_DUMP,Ghost muted safety | Scenario keyframe=DUMP | mode=SystemMode.NOMINAL cams=2 lidar=True alive=True,,u
23.16354203224182,421,demo,0.9,0.51525,SCENARIO_DUMP,SCENARIO_DUMP,Ghost muted safety | Scenario keyframe=DUMP | mode=SystemMode.NOMINAL cams=2 lidar=True alive=True,,u
23.217408895492554,422,demo,0.9,0.5155,SCENARIO_DUMP,SCENARIO_DUMP,Ghost muted safety | Scenario keyframe=DUMP | mode=SystemMode.NOMINAL cams=2 lidar=True alive=True,,u
23.2690646648407,423,demo,0.9,0.5155,SCENARIO_DUMP,SCENARIO_DUMP,Ghost muted safety | Scenario keyframe=DUMP | mode=SystemMode.NOMINAL cams=2 lidar=True alive=True,,u
23.325308799743652,424,demo,0.9,0.5155,SCENARIO_DUMP,SCENARIO_DUMP,Ghost muted safety | Scenario keyframe=DUMP | mode=SystemMode.NOMINAL cams=2 lidar=True alive=True,,u
23.37673258781433,425,demo,0.9,0.5155,SCENARIO_DUMP,SCENARIO_DUMP,Ghost muted safety | Scenario keyframe=DUMP | mode=SystemMode.NOMINAL cams=2 lidar=True alive=True,,u
23.43085789680481,426,demo,0.9,0.5155,SCENARIO_DUMP,SCENARIO_DUMP,Ghost muted safety | Scenario keyframe=DUMP | mode=SystemMode.NOMINAL cams=2 lidar=True alive=True,,u
23.483553409576416,427,demo,0.9,0.515,SCENARIO_DUMP,SCENARIO_DUMP,Ghost muted safety | Scenario keyframe=DUMP | mode=SystemMode.NOMINAL cams=2 lidar=True alive=True,,u
23.537382125854492,428,demo,0.9,0.515,SCENARIO_DUMP,SCENARIO_DUMP,Ghost muted safety | Scenario keyframe=DUMP | mode=SystemMode.NOMINAL cams=2 lidar=True alive=True,,u
23.590702056884766,429,demo,0.9,0.515,SCENARIO_DUMP,SCENARIO_DUMP,Ghost muted safety | Scenario keyframe=DUMP | mode=SystemMode.NOMINAL cams=2 lidar=True alive=True,,u
23.645691871643066,430,demo,0.9,0.515,SCENARIO_DUMP,SCENARIO_DUMP,Ghost muted safety | Scenario keyframe=DUMP | mode=SystemMode.NOMINAL cams=2 lidar=True alive=True,,u
23.695513010025024,431,demo,0.9,0.515,SCENARIO_DUMP,SCENARIO_DUMP,Ghost muted safety | Scenario keyframe=DUMP | mode=SystemMode.NOMINAL cams=2 lidar=True alive=True,,u
23.750420808792114,432,demo,0.9,0.51425,SCENARIO_DUMP,SCENARIO_DUMP,Ghost muted safety | Scenario keyframe=DUMP | mode=SystemMode.NOMINAL cams=2 lidar=True alive=True,,u
23.804621934890747,433,demo,0.9,0.51425,SCENARIO_DUMP,SCENARIO_DUMP,Ghost muted safety | Scenario keyframe=DUMP | mode=SystemMode.NOMINAL cams=2 lidar=True alive=True,,u
23.85924792289734,434,demo,0.9,0.51425,SCENARIO_DUMP,SCENARIO_DUMP,Ghost muted safety | Scenario keyframe=DUMP | mode=SystemMode.NOMINAL cams=2 lidar=True alive=True,,u
23.911988258361816,435,demo,0.9,0.51425,SCENARIO_DUMP,SCENARIO_DUMP,Ghost muted safety | Scenario keyframe=DUMP | mode=SystemMode.NOMINAL cams=2 lidar=True alive=True,,u
23.967712879180908,436,demo,0.9,0.51425,SCENARIO_DUMP,SCENARIO_DUMP,Ghost muted safety | Scenario keyframe=DUMP | mode=SystemMode.NOMINAL cams=2 lidar=True alive=True,,u
24.0166654586792,437,demo,0.9,0.51475,SCENARIO_DUMP,SCENARIO_DUMP,Ghost muted safety | Scenario keyframe=DUMP | mode=SystemMode.NOMINAL cams=2 lidar=True alive=True,,u
24.07056760787964,438,demo,0.9,0.51475,SCENARIO_DUMP,SCENARIO_DUMP,Ghost muted safety | Scenario keyframe=DUMP | mode=SystemMode.NOMINAL cams=2 lidar=True alive=True,,u
24.12199568748474,439,demo,0.9,0.51475,SCENARIO_DUMP,SCENARIO_DUMP,Ghost muted safety | Scenario keyframe=DUMP | mode=SystemMode.NOMINAL cams=2 lidar=True alive=True,,u
24.175386905670166,440,demo,0.9,0.51475,SCENARIO_DUMP,SCENARIO_DUMP,Ghost muted safety | Scenario keyframe=DUMP | mode=SystemMode.NOMINAL cams=2 lidar=True alive=True,,u
24.231720685958862,441,demo,0.9,0.51475,SCENARIO_DUMP,SCENARIO_DUMP,Ghost muted safety | Scenario keyframe=DUMP | mode=SystemMode.NOMINAL cams=2 lidar=True alive=True,,u
24.281886100769043,442,demo,0.9,0.515,SCENARIO_DUMP,SCENARIO_DUMP,Ghost muted safety | Scenario keyframe=DUMP | mode=SystemMode.NOMINAL cams=2 lidar=True alive=True,,u
24.33533787727356,443,demo,0.9,0.515,SCENARIO_DUMP,SCENARIO_DUMP,Ghost muted safety | Scenario keyframe=DUMP | mode=SystemMode.NOMINAL cams=2 lidar=True alive=True,,u
24.391352653503418,444,demo,0.9,0.515,SCENARIO_DUMP,SCENARIO_DUMP,Ghost muted safety | Scenario keyframe=DUMP | mode=SystemMode.NOMINAL cams=2 lidar=True alive=True,,u
24.443949222564697,445,demo,0.9,0.515,SCENARIO_DUMP,SCENARIO_DUMP,Ghost muted safety | Scenario keyframe=DUMP | mode=SystemMode.NOMINAL cams=2 lidar=True alive=True,,u
24.49533772468567,446,demo,0.9,0.515,SCENARIO_DUMP,SCENARIO_DUMP,Ghost muted safety | Scenario keyframe=DUMP | mode=SystemMode.NOMINAL cams=2 lidar=True alive=True,,u
24.54967451095581,447,demo,0.9,0.515,SCENARIO_DUMP,SCENARIO_DUMP,Ghost muted safety | Scenario keyframe=DUMP | mode=SystemMode.NOMINAL cams=2 lidar=True alive=True,,u
24.605425119400024,448,demo,0.9,0.515,SCENARIO_DUMP,SCENARIO_DUMP,Ghost muted safety | Scenario keyframe=DUMP | mode=SystemMode.NOMINAL cams=2 lidar=True alive=True,,u
24.657039165496826,449,demo,0.9,0.515,SCENARIO_DUMP,SCENARIO_DUMP,Ghost muted safety | Scenario keyframe=DUMP | mode=SystemMode.NOMINAL cams=2 lidar=True alive=True,,u
24.711538076400757,450,demo,0.9,0.515,SCENARIO_DUMP,SCENARIO_DUMP,Ghost muted safety | Scenario keyframe=DUMP | mode=SystemMode.NOMINAL cams=2 lidar=True alive=True,,u
24.764907836914062,451,demo,0.9,0.515,SCENARIO_DUMP,SCENARIO_DUMP,Ghost muted safety | Scenario keyframe=DUMP | mode=SystemMode.NOMINAL cams=2 lidar=True alive=True,,u
24.821051836013794,452,demo,0.9,0.515,SCENARIO_DUMP,SCENARIO_DUMP,Ghost muted safety | Scenario keyframe=DUMP | mode=SystemMode.NOMINAL cams=2 lidar=True alive=True,,u
24.868996381759644,453,demo,0.9,0.515,SCENARIO_DUMP,SCENARIO_DUMP,Ghost muted safety | Scenario keyframe=DUMP | mode=SystemMode.NOMINAL cams=2 lidar=True alive=True,,u
24.922618865966797,454,demo,0.9,0.515,SCENARIO_DUMP,SCENARIO_DUMP,Ghost muted safety | Scenario keyframe=DUMP | mode=SystemMode.NOMINAL cams=2 lidar=True alive=True,,u
24.973273992538452,455,demo,0.9,0.515,SCENARIO_DUMP,SCENARIO_DUMP,Ghost muted safety | Scenario keyframe=DUMP | mode=SystemMode.NOMINAL cams=2 lidar=True alive=True,,u
25.027201890945435,456,demo,0.9,0.515,SCENARIO_DUMP,SCENARIO_DUMP,Ghost muted safety | Scenario keyframe=DUMP | mode=SystemMode.NOMINAL cams=2 lidar=True alive=True,,u
25.08675980567932,457,demo,0.9,0.51525,SCENARIO_DUMP,SCENARIO_DUMP,Ghost muted safety | Scenario keyframe=DUMP | mode=SystemMode.NOMINAL cams=2 lidar=True alive=True,,u
25.136447191238403,458,demo,0.9,0.51525,SCENARIO_DUMP,SCENARIO_DUMP,Ghost muted safety | Scenario keyframe=DUMP | mode=SystemMode.NOMINAL cams=2 lidar=True alive=True,,u
25.190950632095337,459,demo,0.9,0.51525,SCENARIO_DUMP,SCENARIO_DUMP,Ghost muted safety | Scenario keyframe=DUMP | mode=SystemMode.NOMINAL cams=2 lidar=True alive=True,,u
25.24303936958313,460,demo,0.9,0.51525,SCENARIO_DUMP,SCENARIO_DUMP,Ghost muted safety | Scenario keyframe=DUMP | mode=SystemMode.NOMINAL cams=2 lidar=True alive=True,,u
25.29541802406311,461,demo,0.9,0.51525,SCENARIO_DUMP,SCENARIO_DUMP,Ghost muted safety | Scenario keyframe=DUMP | mode=SystemMode.NOMINAL cams=2 lidar=True alive=True,,u
25.350579261779785,462,demo,0.9,0.51575,SCENARIO_DUMP,SCENARIO_DUMP,Ghost muted safety | Scenario keyframe=DUMP | mode=SystemMode.NOMINAL cams=2 lidar=True alive=True,,u
25.404325485229492,463,demo,0.9,0.51575,SCENARIO_DUMP,SCENARIO_DUMP,Ghost muted safety | Scenario keyframe=DUMP | mode=SystemMode.NOMINAL cams=2 lidar=True alive=True,,u
25.45507550239563,464,demo,0.9,0.51575,SCENARIO_DUMP,SCENARIO_DUMP,Ghost muted safety | Scenario keyframe=DUMP | mode=SystemMode.NOMINAL cams=2 lidar=True alive=True,,u
25.506325006484985,465,demo,0.9,0.51575,SCENARIO_DUMP,SCENARIO_DUMP,Ghost muted safety | Scenario keyframe=DUMP | mode=SystemMode.NOMINAL cams=2 lidar=True alive=True,,u
25.56034779548645,466,demo,0.9,0.51575,SCENARIO_DUMP,SCENARIO_DUMP,Ghost muted safety | Scenario keyframe=DUMP | mode=SystemMode.NOMINAL cams=2 lidar=True alive=True,,u
25.61590075492859,467,demo,0.9,0.5155,SCENARIO_DUMP,SCENARIO_DUMP,Ghost muted safety | Scenario keyframe=DUMP | mode=SystemMode.NOMINAL cams=2 lidar=True alive=True,,u
25.669318437576294,468,demo,0.9,0.5155,SCENARIO_DUMP,SCENARIO_DUMP,Ghost muted safety | Scenario keyframe=DUMP | mode=SystemMode.NOMINAL cams=2 lidar=True alive=True,,u
25.723100185394287,469,demo,0.9,0.5155,SCENARIO_DUMP,SCENARIO_DUMP,Ghost muted safety | Scenario keyframe=DUMP | mode=SystemMode.NOMINAL cams=2 lidar=True alive=True,,u
25.773688316345215,470,demo,0.9,0.5155,SCENARIO_DUMP,SCENARIO_DUMP,Ghost muted safety | Scenario keyframe=DUMP | mode=SystemMode.NOMINAL cams=2 lidar=True alive=True,,u
25.83142375946045,471,demo,0.9,0.5155,SCENARIO_DUMP,SCENARIO_DUMP,Ghost muted safety | Scenario keyframe=DUMP | mode=SystemMode.NOMINAL cams=2 lidar=True alive=True,,u
25.883991479873657,472,demo,0.9,0.51425,SCENARIO_DUMP,SCENARIO_DUMP,Ghost muted safety | Scenario keyframe=DUMP | mode=SystemMode.NOMINAL cams=2 lidar=True alive=True,,u
25.933538675308228,473,demo,0.9,0.51425,SCENARIO_HOME,SCENARIO_HOME,Ghost muted safety | Scenario keyframe=HOME | mode=SystemMode.NOMINAL cams=2 lidar=True alive=True,,u
25.98956274986267,474,demo,0.9,0.51425,SCENARIO_HOME,SCENARIO_HOME,Ghost muted safety | Scenario keyframe=HOME | mode=SystemMode.NOMINAL cams=2 lidar=True alive=True,,u
26.044047594070435,475,demo,0.9,0.51425,SCENARIO_HOME,SCENARIO_HOME,Ghost muted safety | Scenario keyframe=HOME | mode=SystemMode.NOMINAL cams=2 lidar=True alive=True,,u
26.094117403030396,476,demo,0.9,0.51425,SCENARIO_HOME,SCENARIO_HOME,Ghost muted safety | Scenario keyframe=HOME | mode=SystemMode.NOMINAL cams=2 lidar=True alive=True,,u
26.14968228340149,477,demo,0.9,0.515,SCENARIO_HOME,SCENARIO_HOME,Ghost muted safety | Scenario keyframe=HOME | mode=SystemMode.NOMINAL cams=2 lidar=True alive=True,,u
26.20193910598755,478,demo,0.9,0.515,SCENARIO_HOME,SCENARIO_HOME,Ghost muted safety | Scenario keyframe=HOME | mode=SystemMode.NOMINAL cams=2 lidar=True alive=True,,u
26.255772590637207,479,demo,0.9,0.515,SCENARIO_HOME,SCENARIO_HOME,Ghost muted safety | Scenario keyframe=HOME | mode=SystemMode.NOMINAL cams=2 lidar=True alive=True,,u
26.3118417263031,480,demo,0.9,0.515,SCENARIO_HOME,SCENARIO_HOME,Ghost muted safety | Scenario keyframe=HOME | mode=SystemMode.NOMINAL cams=2 lidar=True alive=True,,u
26.36126446723938,481,demo,0.9,0.515,SCENARIO_HOME,SCENARIO_HOME,Ghost muted safety | Scenario keyframe=HOME | mode=SystemMode.NOMINAL cams=2 lidar=True alive=True,,u
26.418094158172607,482,demo,0.9,0.51475,SCENARIO_HOME,SCENARIO_HOME,Ghost muted safety | Scenario keyframe=HOME | mode=SystemMode.NOMINAL cams=2 lidar=True alive=True,,u
26.47084617614746,483,demo,0.9,0.51475,SCENARIO_HOME,SCENARIO_HOME,Ghost muted safety | Scenario keyframe=HOME | mode=SystemMode.NOMINAL cams=2 lidar=True alive=True,,u
26.519365549087524,484,demo,0.9,0.51475,SCENARIO_HOME,SCENARIO_HOME,Ghost muted safety | Scenario keyframe=HOME | mode=SystemMode.NOMINAL cams=2 lidar=True alive=True,,u
26.572450160980225,485,demo,0.9,0.51475,SCENARIO_HOME,SCENARIO_HOME,Ghost muted safety | Scenario keyframe=HOME | mode=SystemMode.NOMINAL cams=2 lidar=True alive=True,,u
26.62995457649231,486,demo,0.9,0.51475,SCENARIO_HOME,SCENARIO_HOME,Ghost muted safety | Scenario keyframe=HOME | mode=SystemMode.NOMINAL cams=2 lidar=True alive=True,,u
26.679844856262207,487,demo,0.9,0.5155,SCENARIO_HOME,SCENARIO_HOME,Ghost muted safety | Scenario keyframe=HOME | mode=SystemMode.NOMINAL cams=2 lidar=True alive=True,,u
26.7359881401062,488,demo,0.9,0.5155,SCENARIO_HOME,SCENARIO_HOME,Ghost muted safety | Scenario keyframe=HOME | mode=SystemMode.NOMINAL cams=2 lidar=True alive=True,,u
26.787738800048828,489,demo,0.9,0.5155,SCENARIO_HOME,SCENARIO_HOME,Ghost muted safety | Scenario keyframe=HOME | mode=SystemMode.NOMINAL cams=2 lidar=True alive=True,,u
26.83979320526123,490,demo,0.9,0.5155,SCENARIO_HOME,SCENARIO_HOME,Ghost muted safety | Scenario keyframe=HOME | mode=SystemMode.NOMINAL cams=2 lidar=True alive=True,,u
26.894933462142944,491,demo,0.9,0.5155,SCENARIO_HOME,SCENARIO_HOME,Ghost muted safety | Scenario keyframe=HOME | mode=SystemMode.NOMINAL cams=2 lidar=True alive=True,,u
26.95086121559143,492,demo,0.9,0.51475,SCENARIO_HOME,SCENARIO_HOME,Ghost muted safety | Scenario keyframe=HOME | mode=SystemMode.NOMINAL cams=2 lidar=True alive=True,,u
27.001112699508667,493,demo,0.9,0.51475,SCENARIO_HOME,SCENARIO_HOME,Ghost muted safety | Scenario keyframe=HOME | mode=SystemMode.NOMINAL cams=2 lidar=True alive=True,,u
27.060506105422974,494,demo,0.9,0.51475,SCENARIO_HOME,SCENARIO_HOME,Ghost muted safety | Scenario keyframe=HOME | mode=SystemMode.NOMINAL cams=2 lidar=True alive=True,,u
27.109870433807373,495,demo,0.9,0.51475,SCENARIO_HOME,SCENARIO_HOME,Ghost muted safety | Scenario keyframe=HOME | mode=SystemMode.NOMINAL cams=2 lidar=True alive=True,,u
27.16235899925232,496,demo,0.9,0.51475,SCENARIO_HOME,SCENARIO_HOME,Ghost muted safety | Scenario keyframe=HOME | mode=SystemMode.NOMINAL cams=2 lidar=True alive=True,,u
27.21605634689331,497,demo,0.9,0.5155,SCENARIO_HOME,SCENARIO_HOME,Ghost muted safety | Scenario keyframe=HOME | mode=SystemMode.NOMINAL cams=2 lidar=True alive=True,,u
27.269792556762695,498,demo,0.9,0.5155,SCENARIO_HOME,SCENARIO_HOME,Ghost muted safety | Scenario keyframe=HOME | mode=SystemMode.NOMINAL cams=2 lidar=True alive=True,,u
27.32228994369507,499,demo,0.9,0.5155,SCENARIO_HOME,SCENARIO_HOME,Ghost muted safety | Scenario keyframe=HOME | mode=SystemMode.NOMINAL cams=2 lidar=True alive=True,,u
27.374346494674683,500,demo,0.9,0.5155,SCENARIO_HOME,SCENARIO_HOME,Ghost muted safety | Scenario keyframe=HOME | mode=SystemMode.NOMINAL cams=2 lidar=True alive=True,,u
27.431881427764893,501,demo,0.9,0.5155,SCENARIO_HOME,SCENARIO_HOME,Ghost muted safety | Scenario keyframe=HOME | mode=SystemMode.NOMINAL cams=2 lidar=True alive=True,,u
27.481468439102173,502,demo,0.9,0.51525,SCENARIO_HOME,SCENARIO_HOME,Ghost muted safety | Scenario keyframe=HOME | mode=SystemMode.NOMINAL cams=2 lidar=True alive=True,,u
27.537541151046753,503,demo,0.9,0.51525,SCENARIO_HOME,SCENARIO_HOME,Ghost muted safety | Scenario keyframe=HOME | mode=SystemMode.NOMINAL cams=2 lidar=True alive=True,,u
27.58759593963623,504,demo,0.9,0.51525,SCENARIO_HOME,SCENARIO_HOME,Ghost muted safety | Scenario keyframe=HOME | mode=SystemMode.NOMINAL cams=2 lidar=True alive=True,,u
27.642927408218384,505,demo,0.9,0.51525,SCENARIO_HOME,SCENARIO_HOME,Ghost muted safety | Scenario keyframe=HOME | mode=SystemMode.NOMINAL cams=2 lidar=True alive=True,,u
27.6959490776062,506,demo,0.9,0.51525,SCENARIO_HOME,SCENARIO_HOME,Ghost muted safety | Scenario keyframe=HOME | mode=SystemMode.NOMINAL cams=2 lidar=True alive=True,,u
27.748162031173706,507,demo,0.9,0.51525,SCENARIO_HOME,SCENARIO_HOME,Ghost muted safety | Scenario keyframe=HOME | mode=SystemMode.NOMINAL cams=2 lidar=True alive=True,,u
27.8029465675354,508,demo,0.9,0.51525,SCENARIO_HOME,SCENARIO_HOME,Ghost muted safety | Scenario keyframe=HOME | mode=SystemMode.NOMINAL cams=2 lidar=True alive=True,,u
27.856492519378662,509,demo,0.9,0.51525,SCENARIO_HOME,SCENARIO_HOME,Ghost muted safety | Scenario keyframe=HOME | mode=SystemMode.NOMINAL cams=2 lidar=True alive=True,,u
27.908164978027344,510,demo,0.9,0.51525,SCENARIO_TUCK,SCENARIO_TUCK,Ghost muted safety | Scenario keyframe=TUCK | mode=SystemMode.NOMINAL cams=2 lidar=True alive=True,,u
27.96191930770874,511,demo,0.9,0.51525,SCENARIO_TUCK,SCENARIO_TUCK,Ghost muted safety | Scenario keyframe=TUCK | mode=SystemMode.NOMINAL cams=2 lidar=True alive=True,,u
28.014164924621582,512,demo,0.9,0.51575,SCENARIO_TUCK,SCENARIO_TUCK,Ghost muted safety | Scenario keyframe=TUCK | mode=SystemMode.NOMINAL cams=2 lidar=True alive=True,,u
28.070128202438354,513,demo,0.9,0.51575,SCENARIO_TUCK,SCENARIO_TUCK,Ghost muted safety | Scenario keyframe=TUCK | mode=SystemMode.NOMINAL cams=2 lidar=True alive=True,,u
28.12083339691162,514,demo,0.9,0.51575,SCENARIO_TUCK,SCENARIO_TUCK,Ghost muted safety | Scenario keyframe=TUCK | mode=SystemMode.NOMINAL cams=2 lidar=True alive=True,,u
28.172812700271606,515,demo,0.9,0.51575,SCENARIO_TUCK,SCENARIO_TUCK,Ghost muted safety | Scenario keyframe=TUCK | mode=SystemMode.NOMINAL cams=2 lidar=True alive=True,,u
28.22618532180786,516,demo,0.9,0.51575,SCENARIO_TUCK,SCENARIO_TUCK,Ghost muted safety | Scenario keyframe=TUCK | mode=SystemMode.NOMINAL cams=2 lidar=True alive=True,,u
28.28028130531311,517,demo,0.9,0.51475,SCENARIO_TUCK,SCENARIO_TUCK,Ghost muted safety | Scenario keyframe=TUCK | mode=SystemMode.NOMINAL cams=2 lidar=True alive=True,,u
28.335966110229492,518,demo,0.9,0.51475,SCENARIO_TUCK,SCENARIO_TUCK,Ghost muted safety | Scenario keyframe=TUCK | mode=SystemMode.NOMINAL cams=2 lidar=True alive=True,,u
28.385914087295532,519,demo,0.9,0.51475,SCENARIO_TUCK,SCENARIO_TUCK,Ghost muted safety | Scenario keyframe=TUCK | mode=SystemMode.NOMINAL cams=2 lidar=True alive=True,,u
28.440502882003784,520,demo,0.9,0.51475,SCENARIO_TUCK,SCENARIO_TUCK,Ghost muted safety | Scenario keyframe=TUCK | mode=SystemMode.NOMINAL cams=2 lidar=True alive=True,,u
28.49346351623535,521,demo,0.9,0.51475,SCENARIO_TUCK,SCENARIO_TUCK,Ghost muted safety | Scenario keyframe=TUCK | mode=SystemMode.NOMINAL cams=2 lidar=True alive=True,,u
28.54783320426941,522,demo,0.9,0.51575,SCENARIO_TUCK,SCENARIO_TUCK,Ghost muted safety | Scenario keyframe=TUCK | mode=SystemMode.NOMINAL cams=2 lidar=True alive=True,,u
28.60293698310852,523,demo,0.9,0.51575,SCENARIO_TUCK,SCENARIO_TUCK,Ghost muted safety | Scenario keyframe=TUCK | mode=SystemMode.NOMINAL cams=2 lidar=True alive=True,,u
28.655965566635132,524,demo,0.9,0.51575,SCENARIO_TUCK,SCENARIO_TUCK,Ghost muted safety | Scenario keyframe=TUCK | mode=SystemMode.NOMINAL cams=2 lidar=True alive=True,,u
28.711150646209717,525,demo,0.9,0.51575,SCENARIO_TUCK,SCENARIO_TUCK,Ghost muted safety | Scenario keyframe=TUCK | mode=SystemMode.NOMINAL cams=2 lidar=True alive=True,,u
28.761723279953003,526,demo,0.9,0.51575,SCENARIO_TUCK,SCENARIO_TUCK,Ghost muted safety | Scenario keyframe=TUCK | mode=SystemMode.NOMINAL cams=2 lidar=True alive=True,,u
28.813085317611694,527,demo,0.9,0.5155,SCENARIO_TUCK,SCENARIO_TUCK,Ghost muted safety | Scenario keyframe=TUCK | mode=SystemMode.NOMINAL cams=2 lidar=True alive=True,,u
28.87013602256775,528,demo,0.9,0.5155,SCENARIO_TUCK,SCENARIO_TUCK,Ghost muted safety | Scenario keyframe=TUCK | mode=SystemMode.NOMINAL cams=2 lidar=True alive=True,,u
28.921272039413452,529,demo,0.9,0.5155,SCENARIO_TUCK,SCENARIO_TUCK,Ghost muted safety | Scenario keyframe=TUCK | mode=SystemMode.NOMINAL cams=2 lidar=True alive=True,,u
28.974411010742188,530,demo,0.9,0.5155,SCENARIO_TUCK,SCENARIO_TUCK,Ghost muted safety | Scenario keyframe=TUCK | mode=SystemMode.NOMINAL cams=2 lidar=True alive=True,,u
29.028483629226685,531,demo,0.9,0.5155,SCENARIO_TUCK,SCENARIO_TUCK,Ghost muted safety | Scenario keyframe=TUCK | mode=SystemMode.NOMINAL cams=2 lidar=True alive=True,,u
29.081093788146973,532,demo,0.9,0.5145,SCENARIO_TUCK,SCENARIO_TUCK,Ghost muted safety | Scenario keyframe=TUCK | mode=SystemMode.NOMINAL cams=2 lidar=True alive=True,,u
29.13196301460266,533,demo,0.9,0.5145,SCENARIO_TUCK,SCENARIO_TUCK,Ghost muted safety | Scenario keyframe=TUCK | mode=SystemMode.NOMINAL cams=2 lidar=True alive=True,,u
29.189548015594482,534,demo,0.9,0.5145,SCENARIO_TUCK,SCENARIO_TUCK,Ghost muted safety | Scenario keyframe=TUCK | mode=SystemMode.NOMINAL cams=2 lidar=True alive=True,,u
29.24282717704773,535,demo,0.9,0.5145,SCENARIO_TUCK,SCENARIO_TUCK,Ghost muted safety | Scenario keyframe=TUCK | mode=SystemMode.NOMINAL cams=2 lidar=True alive=True,,u
29.29291009902954,536,demo,0.9,0.5145,SCENARIO_TUCK,SCENARIO_TUCK,Ghost muted safety | Scenario keyframe=TUCK | mode=SystemMode.NOMINAL cams=2 lidar=True alive=True,,u
29.346592903137207,537,demo,0.9,0.5145,SCENARIO_TUCK,SCENARIO_TUCK,Ghost muted safety | Scenario keyframe=TUCK | mode=SystemMode.NOMINAL cams=2 lidar=True alive=True,,u
29.403759717941284,538,demo,0.9,0.5145,SCENARIO_TUCK,SCENARIO_TUCK,Ghost muted safety | Scenario keyframe=TUCK | mode=SystemMode.NOMINAL cams=2 lidar=True alive=True,,u
29.452887296676636,539,demo,0.9,0.5145,SCENARIO_TUCK,SCENARIO_TUCK,Ghost muted safety | Scenario keyframe=TUCK | mode=SystemMode.NOMINAL cams=2 lidar=True alive=True,,u
29.508395433425903,540,demo,0.9,0.5145,SCENARIO_TUCK,SCENARIO_TUCK,Ghost muted safety | Scenario keyframe=TUCK | mode=SystemMode.NOMINAL cams=2 lidar=True alive=True,,u
29.56033492088318,541,demo,0.9,0.5145,SCENARIO_TUCK,SCENARIO_TUCK,Ghost muted safety | Scenario keyframe=TUCK | mode=SystemMode.NOMINAL cams=2 lidar=True alive=True,,u
29.619192600250244,542,demo,0.9,0.515,SCENARIO_TUCK,SCENARIO_TUCK,Ghost muted safety | Scenario keyframe=TUCK | mode=SystemMode.NOMINAL cams=2 lidar=True alive=True,,u
29.67032766342163,543,demo,0.9,0.515,SCENARIO_TUCK,SCENARIO_TUCK,Ghost muted safety | Scenario keyframe=TUCK | mode=SystemMode.NOMINAL cams=2 lidar=True alive=True,,u
29.724510192871094,544,demo,0.9,0.515,SCENARIO_TUCK,SCENARIO_TUCK,Ghost muted safety | Scenario keyframe=TUCK | mode=SystemMode.NOMINAL cams=2 lidar=True alive=True,,u
29.774375438690186,545,demo,0.9,0.515,SCENARIO_TUCK,SCENARIO_TUCK,Ghost muted safety | Scenario keyframe=TUCK | mode=SystemMode.NOMINAL cams=2 lidar=True alive=True,,u
29.82972764968872,546,demo,0.9,0.515,SCENARIO_TUCK,SCENARIO_TUCK,Ghost muted safety | Scenario keyframe=TUCK | mode=SystemMode.NOMINAL cams=2 lidar=True alive=True,,u
29.88050627708435,547,demo,0.9,0.515,SCENARIO_TUCK,SCENARIO_TUCK,Ghost muted safety | Scenario keyframe=TUCK | mode=SystemMode.NOMINAL cams=2 lidar=True alive=True,,u
29.93297266960144,548,demo,0.9,0.515,SCENARIO_DUMP,SCENARIO_DUMP,Ghost muted safety | Scenario keyframe=DUMP | mode=SystemMode.NOMINAL cams=2 lidar=True alive=True,,u
29.991581678390503,549,demo,0.9,0.515,SCENARIO_DUMP,SCENARIO_DUMP,Ghost muted safety | Scenario keyframe=DUMP | mode=SystemMode.NOMINAL cams=2 lidar=True alive=True,,u
30.042513847351074,550,demo,0.9,0.515,SCENARIO_DUMP,SCENARIO_DUMP,Ghost muted safety | Scenario keyframe=DUMP | mode=SystemMode.NOMINAL cams=2 lidar=True alive=True,,u
30.094125032424927,551,demo,0.9,0.515,SCENARIO_DUMP,SCENARIO_DUMP,Ghost muted safety | Scenario keyframe=DUMP | mode=SystemMode.NOMINAL cams=2 lidar=True alive=True,,u
30.14987087249756,552,demo,0.9,0.51525,SCENARIO_DUMP,SCENARIO_DUMP,Ghost muted safety | Scenario keyframe=DUMP | mode=SystemMode.NOMINAL cams=2 lidar=True alive=True,,u
30.199843883514404,553,demo,0.9,0.51525,SCENARIO_DUMP,SCENARIO_DUMP,Ghost muted safety | Scenario keyframe=DUMP | mode=SystemMode.NOMINAL cams=2 lidar=True alive=True,,u
30.25951385498047,554,demo,0.9,0.51525,SCENARIO_DUMP,SCENARIO_DUMP,Ghost muted safety | Scenario keyframe=DUMP | mode=SystemMode.NOMINAL cams=2 lidar=True alive=True,,u
30.310460567474365,555,demo,0.9,0.51525,SCENARIO_DUMP,SCENARIO_DUMP,Ghost muted safety | Scenario keyframe=DUMP | mode=SystemMode.NOMINAL cams=2 lidar=True alive=True,,u
30.36361336708069,556,demo,0.9,0.51525,SCENARIO_DUMP,SCENARIO_DUMP,Ghost muted safety | Scenario keyframe=DUMP | mode=SystemMode.NOMINAL cams=2 lidar=True alive=True,,u
30.414092779159546,557,demo,0.9,0.5145,SCENARIO_DUMP,SCENARIO_DUMP,Ghost muted safety | Scenario keyframe=DUMP | mode=SystemMode.NOMINAL cams=2 lidar=True alive=True,,u
30.471050262451172,558,demo,0.9,0.5145,SCENARIO_DUMP,SCENARIO_DUMP,Ghost muted safety | Scenario keyframe=DUMP | mode=SystemMode.NOMINAL cams=2 lidar=True alive=True,,u
30.523077726364136,559,demo,0.9,0.5145,SCENARIO_DUMP,SCENARIO_DUMP,Ghost muted safety | Scenario keyframe=DUMP | mode=SystemMode.NOMINAL cams=2 lidar=True alive=True,,u
30.574317693710327,560,demo,0.9,0.5145,SCENARIO_DUMP,SCENARIO_DUMP,Ghost muted safety | Scenario keyframe=DUMP | mode=SystemMode.NOMINAL cams=2 lidar=True alive=True,,u
30.627302408218384,561,demo,0.9,0.5145,SCENARIO_DUMP,SCENARIO_DUMP,Ghost muted safety | Scenario keyframe=DUMP | mode=SystemMode.NOMINAL cams=2 lidar=True alive=True,,u
30.68415594100952,562,demo,0.9,0.51525,SCENARIO_DUMP,SCENARIO_DUMP,Ghost muted safety | Scenario keyframe=DUMP | mode=SystemMode.NOMINAL cams=2 lidar=True alive=True,,u
30.732059717178345,563,demo,0.9,0.51525,SCENARIO_DUMP,SCENARIO_DUMP,Ghost muted safety | Scenario keyframe=DUMP | mode=SystemMode.NOMINAL cams=2 lidar=True alive=True,,u
30.789847373962402,564,demo,0.9,0.51525,SCENARIO_DUMP,SCENARIO_DUMP,Ghost muted safety | Scenario keyframe=DUMP | mode=SystemMode.NOMINAL cams=2 lidar=True alive=True,,u
30.840553045272827,565,demo,0.9,0.51525,SCENARIO_DUMP,SCENARIO_DUMP,Ghost muted safety | Scenario keyframe=DUMP | mode=SystemMode.NOMINAL cams=2 lidar=True alive=True,,u
30.89742422103882,566,demo,0.9,0.51525,SCENARIO_DUMP,SCENARIO_DUMP,Ghost muted safety | Scenario keyframe=DUMP | mode=SystemMode.NOMINAL cams=2 lidar=True alive=True,,u
30.94752335548401,567,demo,0.9,0.51575,SCENARIO_DUMP,SCENARIO_DUMP,Ghost muted safety | Scenario keyframe=DUMP | mode=SystemMode.NOMINAL cams=2 lidar=True alive=True,,u
31.00116777420044,568,demo,0.9,0.51575,SCENARIO_DUMP,SCENARIO_DUMP,Ghost muted safety | Scenario keyframe=DUMP | mode=SystemMode.NOMINAL cams=2 lidar=True alive=True,,u
31.05333971977234,569,demo,0.9,0.51575,SCENARIO_DUMP,SCENARIO_DUMP,Ghost muted safety | Scenario keyframe=DUMP | mode=SystemMode.NOMINAL cams=2 lidar=True alive=True,,u
31.108640432357788,570,demo,0.9,0.51575,SCENARIO_DUMP,SCENARIO_DUMP,Ghost muted safety | Scenario keyframe=DUMP | mode=SystemMode.NOMINAL cams=2 lidar=True alive=True,,u
31.164058685302734,571,demo,0.9,0.51575,SCENARIO_DUMP,SCENARIO_DUMP,Ghost muted safety | Scenario keyframe=DUMP | mode=SystemMode.NOMINAL cams=2 lidar=True alive=True,,u
31.213096618652344,572,demo,0.9,0.5145,SCENARIO_DUMP,SCENARIO_DUMP,Ghost muted safety | Scenario keyframe=DUMP | mode=SystemMode.NOMINAL cams=2 lidar=True alive=True,,u
31.26751136779785,573,demo,0.9,0.5145,SCENARIO_DUMP,SCENARIO_DUMP,Ghost muted safety | Scenario keyframe=DUMP | mode=SystemMode.NOMINAL cams=2 lidar=True alive=True,,u
31.32185459136963,574,demo,0.9,0.5145,SCENARIO_DUMP,SCENARIO_DUMP,Ghost muted safety | Scenario keyframe=DUMP | mode=SystemMode.NOMINAL cams=2 lidar=True alive=True,,u
31.37690258026123,575,demo,0.9,0.5145,SCENARIO_DUMP,SCENARIO_DUMP,Ghost muted safety | Scenario keyframe=DUMP | mode=SystemMode.NOMINAL cams=2 lidar=True alive=True,,u
31.425734043121338,576,demo,0.9,0.5145,SCENARIO_DUMP,SCENARIO_DUMP,Ghost muted safety | Scenario keyframe=DUMP | mode=SystemMode.NOMINAL cams=2 lidar=True alive=True,,u
31.482003927230835,577,demo,0.9,0.515,SCENARIO_DUMP,SCENARIO_DUMP,Ghost muted safety | Scenario keyframe=DUMP | mode=SystemMode.NOMINAL cams=2 lidar=True alive=True,,u
31.538060426712036,578,demo,0.9,0.515,SCENARIO_DUMP,SCENARIO_DUMP,Ghost muted safety | Scenario keyframe=DUMP | mode=SystemMode.NOMINAL cams=2 lidar=True alive=True,,u
31.58659291267395,579,demo,0.9,0.515,SCENARIO_DUMP,SCENARIO_DUMP,Ghost muted safety | Scenario keyframe=DUMP | mode=SystemMode.NOMINAL cams=2 lidar=True alive=True,,u
31.641871452331543,580,demo,0.9,0.515,SCENARIO_DUMP,SCENARIO_DUMP,Ghost muted safety | Scenario keyframe=DUMP | mode=SystemMode.NOMINAL cams=2 lidar=True alive=True,,u
31.695805549621582,581,demo,0.9,0.515,SCENARIO_DUMP,SCENARIO_DUMP,Ghost muted safety | Scenario keyframe=DUMP | mode=SystemMode.NOMINAL cams=2 lidar=True alive=True,,u
31.74574327468872,582,demo,0.9,0.5155,SCENARIO_DUMP,SCENARIO_DUMP,Ghost muted safety | Scenario keyframe=DUMP | mode=SystemMode.NOMINAL cams=2 lidar=True alive=True,,u
31.80176281929016,583,demo,0.9,0.5155,SCENARIO_DUMP,SCENARIO_DUMP,Ghost muted safety | Scenario keyframe=DUMP | mode=SystemMode.NOMINAL cams=2 lidar=True alive=True,,u
31.85383939743042,584,demo,0.9,0.5155,SCENARIO_DUMP,SCENARIO_DUMP,Ghost muted safety | Scenario keyframe=DUMP | mode=SystemMode.NOMINAL cams=2 lidar=True alive=True,,u
31.90957498550415,585,demo,0.9,0.5155,SCENARIO_DUMP,SCENARIO_DUMP,Ghost muted safety | Scenario keyframe=DUMP | mode=SystemMode.NOMINAL cams=2 lidar=True alive=True,,u
31.96027421951294,586,demo,0.9,0.5155,SCENARIO_DUMP,SCENARIO_DUMP,Ghost muted safety | Scenario keyframe=DUMP | mode=SystemMode.NOMINAL cams=2 lidar=True alive=True,,u
32.016504764556885,587,demo,0.9,0.515,SCENARIO_DUMP,SCENARIO_DUMP,Ghost muted safety | Scenario keyframe=DUMP | mode=SystemMode.NOMINAL cams=2 lidar=True alive=True,,u
32.06821155548096,588,demo,0.9,0.515,SCENARIO_DUMP,SCENARIO_DUMP,Ghost muted safety | Scenario keyframe=DUMP | mode=SystemMode.NOMINAL cams=2 lidar=True alive=True,,u
32.122435569763184,589,demo,0.9,0.515,SCENARIO_DUMP,SCENARIO_DUMP,Ghost muted safety | Scenario keyframe=DUMP | mode=SystemMode.NOMINAL cams=2 lidar=True alive=True,,u
32.173704624176025,590,demo,0.9,0.515,SCENARIO_DUMP,SCENARIO_DUMP,Ghost muted safety | Scenario keyframe=DUMP | mode=SystemMode.NOMINAL cams=2 lidar=True alive=True,,u
32.229949712753296,591,demo,0.9,0.515,SCENARIO_DUMP,SCENARIO_DUMP,Ghost muted safety | Scenario keyframe=DUMP | mode=SystemMode.NOMINAL cams=2 lidar=True alive=True,,u
32.28180122375488,592,demo,0.9,0.5155,SCENARIO_DUMP,SCENARIO_DUMP,Ghost muted safety | Scenario keyframe=DUMP | mode=SystemMode.NOMINAL cams=2 lidar=True alive=True,,u
32.33125162124634,593,demo,0.9,0.5155,SCENARIO_DUMP,SCENARIO_DUMP,Ghost muted safety | Scenario keyframe=DUMP | mode=SystemMode.NOMINAL cams=2 lidar=True alive=True,,u
32.39192819595337,594,demo,0.9,0.5155,SCENARIO_DUMP,SCENARIO_DUMP,Ghost muted safety | Scenario keyframe=DUMP | mode=SystemMode.NOMINAL cams=2 lidar=True alive=True,,u
32.44110083580017,595,demo,0.9,0.5155,SCENARIO_DUMP,SCENARIO_DUMP,Ghost muted safety | Scenario keyframe=DUMP | mode=SystemMode.NOMINAL cams=2 lidar=True alive=True,,u
32.49472212791443,596,demo,0.9,0.5155,SCENARIO_DUMP,SCENARIO_DUMP,Ghost muted safety | Scenario keyframe=DUMP | mode=SystemMode.NOMINAL cams=2 lidar=True alive=True,,u
32.5496551990509,597,demo,0.9,0.51525,SCENARIO_DUMP,SCENARIO_DUMP,Ghost muted safety | Scenario keyframe=DUMP | mode=SystemMode.NOMINAL cams=2 lidar=True alive=True,,u
32.60071277618408,598,demo,0.9,0.51525,SCENARIO_DUMP,SCENARIO_DUMP,Ghost muted safety | Scenario keyframe=DUMP | mode=SystemMode.NOMINAL cams=2 lidar=True alive=True,,u
32.65452694892883,599,demo,0.9,0.51525,SCENARIO_DUMP,SCENARIO_DUMP,Ghost muted safety | Scenario keyframe=DUMP | mode=SystemMode.NOMINAL cams=2 lidar=True alive=True,,u
32.70584273338318,600,demo,0.9,0.51525,SCENARIO_DUMP,SCENARIO_DUMP,Ghost muted safety | Scenario keyframe=DUMP | mode=SystemMode.NOMINAL cams=2 lidar=True alive=True,,u
32.762603998184204,601,demo,0.9,0.51525,SCENARIO_DUMP,SCENARIO_DUMP,Ghost muted safety | Scenario keyframe=DUMP | mode=SystemMode.NOMINAL cams=2 lidar=True alive=True,,u
32.813100814819336,602,demo,0.9,0.51425,SCENARIO_DUMP,SCENARIO_DUMP,Ghost muted safety | Scenario keyframe=DUMP | mode=SystemMode.NOMINAL cams=2 lidar=True alive=True,,u
32.86630821228027,603,demo,0.9,0.51425,SCENARIO_DUMP,SCENARIO_DUMP,Ghost muted safety | Scenario keyframe=DUMP | mode=SystemMode.NOMINAL cams=2 lidar=True alive=True,,u
32.91729760169983,604,demo,0.9,0.51425,SCENARIO_HOME,SCENARIO_HOME,Ghost muted safety | Scenario keyframe=HOME | mode=SystemMode.NOMINAL cams=2 lidar=True alive=True,,u
32.974698066711426,605,demo,0.9,0.51425,SCENARIO_HOME,SCENARIO_HOME,Ghost muted safety | Scenario keyframe=HOME | mode=SystemMode.NOMINAL cams=2 lidar=True alive=True,,u
33.03064322471619,606,demo,0.9,0.51425,SCENARIO_HOME,SCENARIO_HOME,Ghost muted safety | Scenario keyframe=HOME | mode=SystemMode.NOMINAL cams=2 lidar=True alive=True,,u
33.083248138427734,607,demo,0.9,0.515,SCENARIO_HOME,SCENARIO_HOME,Ghost muted safety | Scenario keyframe=HOME | mode=SystemMode.NOMINAL cams=2 lidar=True alive=True,,u
33.13409066200256,608,demo,0.9,0.515,SCENARIO_HOME,SCENARIO_HOME,Ghost muted safety | Scenario keyframe=HOME | mode=SystemMode.NOMINAL cams=2 lidar=True alive=True,,u
33.191941022872925,609,demo,0.9,0.515,SCENARIO_HOME,SCENARIO_HOME,Ghost muted safety | Scenario keyframe=HOME | mode=SystemMode.NOMINAL cams=2 lidar=True alive=True,,u
33.239237546920776,610,demo,0.9,0.515,SCENARIO_HOME,SCENARIO_HOME,Ghost muted safety | Scenario keyframe=HOME | mode=SystemMode.NOMINAL cams=2 lidar=True alive=True,,u
33.29437804222107,611,demo,0.9,0.515,SCENARIO_HOME,SCENARIO_HOME,Ghost muted safety | Scenario keyframe=HOME | mode=SystemMode.NOMINAL cams=2 lidar=True alive=True,,u
33.34787058830261,612,demo,0.9,0.515,SCENARIO_HOME,SCENARIO_HOME,Ghost muted safety | Scenario keyframe=HOME | mode=SystemMode.NOMINAL cams=2 lidar=True alive=True,,u
33.39879631996155,613,demo,0.9,0.515,SCENARIO_HOME,SCENARIO_HOME,Ghost muted safety | Scenario keyframe=HOME | mode=SystemMode.NOMINAL cams=2 lidar=True alive=True,,u
33.45453333854675,614,demo,0.9,0.515,SCENARIO_HOME,SCENARIO_HOME,Ghost muted safety | Scenario keyframe=HOME | mode=SystemMode.NOMINAL cams=2 lidar=True alive=True,,u
33.507715463638306,615,demo,0.9,0.515,SCENARIO_HOME,SCENARIO_HOME,Ghost muted safety | Scenario keyframe=HOME | mode=SystemMode.NOMINAL cams=2 lidar=True alive=True,,u
33.56408429145813,616,demo,0.9,0.515,SCENARIO_HOME,SCENARIO_HOME,Ghost muted safety | Scenario keyframe=HOME | mode=SystemMode.NOMINAL cams=2 lidar=True alive=True,,u
33.614341020584106,617,demo,0.9,0.51475,SCENARIO_HOME,SCENARIO_HOME,Ghost muted safety | Scenario keyframe=HOME | mode=SystemMode.NOMINAL cams=2 lidar=True alive=True,,u
33.67001295089722,618,demo,0.9,0.51475,SCENARIO_HOME,SCENARIO_HOME,Ghost muted safety | Scenario keyframe=HOME | mode=SystemMode.NOMINAL cams=2 lidar=True alive=True,,u
33.723387002944946,619,demo,0.9,0.51475,SCENARIO_HOME,SCENARIO_HOME,Ghost muted safety | Scenario keyframe=HOME | mode=SystemMode.NOMINAL cams=2 lidar=True alive=True,,u
33.77545118331909,620,demo,0.9,0.51475,SCENARIO_HOME,SCENARIO_HOME,Ghost muted safety | Scenario keyframe=HOME | mode=SystemMode.NOMINAL cams=2 lidar=True alive=True,,u
33.83153247833252,621,demo,0.9,0.51475,SCENARIO_HOME,SCENARIO_HOME,Ghost muted safety | Scenario keyframe=HOME | mode=SystemMode.NOMINAL cams=2 lidar=True alive=True,,u
33.880850315093994,622,demo,0.9,0.515,SCENARIO_HOME,SCENARIO_HOME,Ghost muted safety | Scenario keyframe=HOME | mode=SystemMode.NOMINAL cams=2 lidar=True alive=True,,u
33.936922550201416,623,demo,0.9,0.515,SCENARIO_HOME,SCENARIO_HOME,Ghost muted safety | Scenario keyframe=HOME | mode=SystemMode.NOMINAL cams=2 lidar=True alive=True,,u
33.98976135253906,624,demo,0.9,0.515,SCENARIO_HOME,SCENARIO_HOME,Ghost muted safety | Scenario keyframe=HOME | mode=SystemMode.NOMINAL cams=2 lidar=True alive=True,,u
34.039313554763794,625,demo,0.9,0.515,SCENARIO_HOME,SCENARIO_HOME,Ghost muted safety | Scenario keyframe=HOME | mode=SystemMode.NOMINAL cams=2 lidar=True alive=True,,u
34.09312319755554,626,demo,0.9,0.515,SCENARIO_HOME,SCENARIO_HOME,Ghost muted safety | Scenario keyframe=HOME | mode=SystemMode.NOMINAL cams=2 lidar=True alive=True,,u
34.147663593292236,627,demo,0.9,0.51475,SCENARIO_HOME,SCENARIO_HOME,Ghost muted safety | Scenario keyframe=HOME | mode=SystemMode.NOMINAL cams=2 lidar=True alive=True,,u
34.199450969696045,628,demo,0.9,0.51475,SCENARIO_HOME,SCENARIO_HOME,Ghost muted safety | Scenario keyframe=HOME | mode=SystemMode.NOMINAL cams=2 lidar=True alive=True,,u
34.25320601463318,629,demo,0.9,0.51475,SCENARIO_HOME,SCENARIO_HOME,Ghost muted safety | Scenario keyframe=HOME | mode=SystemMode.NOMINAL cams=2 lidar=True alive=True,,u
34.30968618392944,630,demo,0.9,0.51475,SCENARIO_HOME,SCENARIO_HOME,Ghost muted safety | Scenario keyframe=HOME | mode=SystemMode.NOMINAL cams=2 lidar=True alive=True,,u
34.36086893081665,631,demo,0.9,0.51475,SCENARIO_HOME,SCENARIO_HOME,Ghost muted safety | Scenario keyframe=HOME | mode=SystemMode.NOMINAL cams=2 lidar=True alive=True,,u
34.41402554512024,632,demo,0.9,0.515,SCENARIO_HOME,SCENARIO_HOME,Ghost muted safety | Scenario keyframe=HOME | mode=SystemMode.NOMINAL cams=2 lidar=True alive=True,,u
34.4663245677948,633,demo,0.9,0.515,SCENARIO_HOME,SCENARIO_HOME,Ghost muted safety | Scenario keyframe=HOME | mode=SystemMode.NOMINAL cams=2 lidar=True alive=True,,u
34.51938986778259,634,demo,0.9,0.515,SCENARIO_HOME,SCENARIO_HOME,Ghost muted safety | Scenario keyframe=HOME | mode=SystemMode.NOMINAL cams=2 lidar=True alive=True,,u
34.57343530654907,635,demo,0.9,0.515,SCENARIO_HOME,SCENARIO_HOME,Ghost muted safety | Scenario keyframe=HOME | mode=SystemMode.NOMINAL cams=2 lidar=True alive=True,,u
34.627647161483765,636,demo,0.9,0.515,SCENARIO_HOME,SCENARIO_HOME,Ghost muted safety | Scenario keyframe=HOME | mode=SystemMode.NOMINAL cams=2 lidar=True alive=True,,u
34.679043769836426,637,demo,0.9,0.5155,SCENARIO_HOME,SCENARIO_HOME,Ghost muted safety | Scenario keyframe=HOME | mode=SystemMode.NOMINAL cams=2 lidar=True alive=True,,u
34.735273361206055,638,demo,0.9,0.5155,SCENARIO_HOME,SCENARIO_HOME,Ghost muted safety | Scenario keyframe=HOME | mode=SystemMode.NOMINAL cams=2 lidar=True alive=True,,u
34.78529763221741,639,demo,0.9,0.5155,SCENARIO_HOME,SCENARIO_HOME,Ghost muted safety | Scenario keyframe=HOME | mode=SystemMode.NOMINAL cams=2 lidar=True alive=True,,u
34.83988904953003,640,demo,0.9,0.5155,SCENARIO_HOME,SCENARIO_HOME,Ghost muted safety | Scenario keyframe=HOME | mode=SystemMode.NOMINAL cams=2 lidar=True alive=True,,u
34.89407753944397,641,demo,0.9,0.5155,SCENARIO_HOME,SCENARIO_HOME,Ghost muted safety | Scenario keyframe=HOME | mode=SystemMode.NOMINAL cams=2 lidar=True alive=True,,u
34.95135569572449,642,demo,0.9,0.51575,SCENARIO_TUCK,SCENARIO_TUCK,Ghost muted safety | Scenario keyframe=TUCK | mode=SystemMode.NOMINAL cams=2 lidar=True alive=True,,u
35.00116300582886,643,demo,0.9,0.51575,SCENARIO_TUCK,SCENARIO_TUCK,Ghost muted safety | Scenario keyframe=TUCK | mode=SystemMode.NOMINAL cams=2 lidar=True alive=True,,u
35.052483797073364,644,demo,0.9,0.51575,SCENARIO_TUCK,SCENARIO_TUCK,Ghost muted safety | Scenario keyframe=TUCK | mode=SystemMode.NOMINAL cams=2 lidar=True alive=True,,u
35.10682010650635,645,demo,0.9,0.51575,SCENARIO_TUCK,SCENARIO_TUCK,Ghost muted safety | Scenario keyframe=TUCK | mode=SystemMode.NOMINAL cams=2 lidar=True alive=True,,u
35.15797758102417,646,demo,0.9,0.51575,SCENARIO_TUCK,SCENARIO_TUCK,Ghost muted safety | Scenario keyframe=TUCK | mode=SystemMode.NOMINAL cams=2 lidar=True alive=True,,u
35.21339154243469,647,demo,0.9,0.51525,SCENARIO_TUCK,SCENARIO_TUCK,Ghost muted safety | Scenario keyframe=TUCK | mode=SystemMode.NOMINAL cams=2 lidar=True alive=True,,u
35.265989542007446,648,demo,0.9,0.51525,SCENARIO_TUCK,SCENARIO_TUCK,Ghost muted safety | Scenario keyframe=TUCK | mode=SystemMode.NOMINAL cams=2 lidar=True alive=True,,u
35.319321393966675,649,demo,0.9,0.51525,SCENARIO_TUCK,SCENARIO_TUCK,Ghost muted safety | Scenario keyframe=TUCK | mode=SystemMode.NOMINAL cams=2 lidar=True alive=True,,u
35.37243723869324,650,demo,0.9,0.51525,SCENARIO_TUCK,SCENARIO_TUCK,Ghost muted safety | Scenario keyframe=TUCK | mode=SystemMode.NOMINAL cams=2 lidar=True alive=True,,u
35.42818522453308,651,demo,0.9,0.51525,SCENARIO_TUCK,SCENARIO_TUCK,Ghost muted safety | Scenario keyframe=TUCK | mode=SystemMode.NOMINAL cams=2 lidar=True alive=True,,u
35.478429317474365,652,demo,0.9,0.5155,SCENARIO_TUCK,SCENARIO_TUCK,Ghost muted safety | Scenario keyframe=TUCK | mode=SystemMode.NOMINAL cams=2 lidar=True alive=True,,u
35.53259015083313,653,demo,0.9,0.5155,SCENARIO_TUCK,SCENARIO_TUCK,Ghost muted safety | Scenario keyframe=TUCK | mode=SystemMode.NOMINAL cams=2 lidar=True alive=True,,u
35.587924003601074,654,demo,0.9,0.5155,SCENARIO_TUCK,SCENARIO_TUCK,Ghost muted safety | Scenario keyframe=TUCK | mode=SystemMode.NOMINAL cams=2 lidar=True alive=True,,u
35.63968825340271,655,demo,0.9,0.5155,SCENARIO_TUCK,SCENARIO_TUCK,Ghost muted safety | Scenario keyframe=TUCK | mode=SystemMode.NOMINAL cams=2 lidar=True alive=True,,u
35.69485020637512,656,demo,0.9,0.5155,SCENARIO_TUCK,SCENARIO_TUCK,Ghost muted safety | Scenario keyframe=TUCK | mode=SystemMode.NOMINAL cams=2 lidar=True alive=True,,u
35.75054430961609,657,demo,0.9,0.51525,SCENARIO_TUCK,SCENARIO_TUCK,Ghost muted safety | Scenario keyframe=TUCK | mode=SystemMode.NOMINAL cams=2 lidar=True alive=True,,u
35.79871726036072,658,demo,0.9,0.51525,SCENARIO_TUCK,SCENARIO_TUCK,Ghost muted safety | Scenario keyframe=TUCK | mode=SystemMode.NOMINAL cams=2 lidar=True alive=True,,u
35.854106187820435,659,demo,0.9,0.51525,SCENARIO_TUCK,SCENARIO_TUCK,Ghost muted safety | Scenario keyframe=TUCK | mode=SystemMode.NOMINAL cams=2 lidar=True alive=True,,u
35.903990268707275,660,demo,0.9,0.51525,SCENARIO_TUCK,SCENARIO_TUCK,Ghost muted safety | Scenario keyframe=TUCK | mode=SystemMode.NOMINAL cams=2 lidar=True alive=True,,u
35.9619574546814,661,demo,0.9,0.51525,SCENARIO_TUCK,SCENARIO_TUCK,Ghost muted safety | Scenario keyframe=TUCK | mode=SystemMode.NOMINAL cams=2 lidar=True alive=True,,u
36.01301336288452,662,demo,0.9,0.5155,SCENARIO_TUCK,SCENARIO_TUCK,Ghost muted safety | Scenario keyframe=TUCK | mode=SystemMode.NOMINAL cams=2 lidar=True alive=True,,u
36.06564688682556,663,demo,0.9,0.5155,SCENARIO_TUCK,SCENARIO_TUCK,Ghost muted safety | Scenario keyframe=TUCK | mode=SystemMode.NOMINAL cams=2 lidar=True alive=True,,u
36.121888160705566,664,demo,0.9,0.5155,SCENARIO_TUCK,SCENARIO_TUCK,Ghost muted safety | Scenario keyframe=TUCK | mode=SystemMode.NOMINAL cams=2 lidar=True alive=True,,u
36.17690324783325,665,demo,0.9,0.5155,SCENARIO_TUCK,SCENARIO_TUCK,Ghost muted safety | Scenario keyframe=TUCK | mode=SystemMode.NOMINAL cams=2 lidar=True alive=True,,u
36.22803616523743,666,demo,0.9,0.5155,SCENARIO_TUCK,SCENARIO_TUCK,Ghost muted safety | Scenario keyframe=TUCK | mode=SystemMode.NOMINAL cams=2 lidar=True alive=True,,u
36.278661489486694,667,demo,0.9,0.51525,SCENARIO_TUCK,SCENARIO_TUCK,Ghost muted safety | Scenario keyframe=TUCK | mode=SystemMode.NOMINAL cams=2 lidar=True alive=True,,u
36.331889152526855,668,demo,0.9,0.51525,SCENARIO_TUCK,SCENARIO_TUCK,Ghost muted safety | Scenario keyframe=TUCK | mode=SystemMode.NOMINAL cams=2 lidar=True alive=True,,u
36.38660216331482,669,demo,0.9,0.51525,SCENARIO_TUCK,SCENARIO_TUCK,Ghost muted safety | Scenario keyframe=TUCK | mode=SystemMode.NOMINAL cams=2 lidar=True alive=True,,u
36.439053535461426,670,demo,0.9,0.51525,SCENARIO_TUCK,SCENARIO_TUCK,Ghost muted safety | Scenario keyframe=TUCK | mode=SystemMode.NOMINAL cams=2 lidar=True alive=True,,u
36.492246866226196,671,demo,0.9,0.51525,SCENARIO_TUCK,SCENARIO_TUCK,Ghost muted safety | Scenario keyframe=TUCK | mode=SystemMode.NOMINAL cams=2 lidar=True alive=True,,u
36.547812700271606,672,demo,0.9,0.51525,SCENARIO_TUCK,SCENARIO_TUCK,Ghost muted safety | Scenario keyframe=TUCK | mode=SystemMode.NOMINAL cams=2 lidar=True alive=True,,u
36.59834122657776,673,demo,0.9,0.51525,SCENARIO_TUCK,SCENARIO_TUCK,Ghost muted safety | Scenario keyframe=TUCK | mode=SystemMode.NOMINAL cams=2 lidar=True alive=True,,u
36.65217590332031,674,demo,0.9,0.51525,SCENARIO_TUCK,SCENARIO_TUCK,Ghost muted safety | Scenario keyframe=TUCK | mode=SystemMode.NOMINAL cams=2 lidar=True alive=True,,u
36.70539712905884,675,demo,0.9,0.51525,SCENARIO_TUCK,SCENARIO_TUCK,Ghost muted safety | Scenario keyframe=TUCK | mode=SystemMode.NOMINAL cams=2 lidar=True alive=True,,u
36.759265422821045,676,demo,0.9,0.51525,SCENARIO_TUCK,SCENARIO_TUCK,Ghost muted safety | Scenario keyframe=TUCK | mode=SystemMode.NOMINAL cams=2 lidar=True alive=True,,u
36.81209421157837,677,demo,0.9,0.514,SCENARIO_TUCK,SCENARIO_TUCK,Ghost muted safety | Scenario keyframe=TUCK | mode=SystemMode.NOMINAL cams=2 lidar=True alive=True,,u
36.868626832962036,678,demo,0.9,0.514,SCENARIO_TUCK,SCENARIO_TUCK,Ghost muted safety | Scenario keyframe=TUCK | mode=SystemMode.NOMINAL cams=2 lidar=True alive=True,,u
36.91993260383606,679,demo,0.9,0.514,SCENARIO_DUMP,SCENARIO_DUMP,Ghost muted safety | Scenario keyframe=DUMP | mode=SystemMode.NOMINAL cams=2 lidar=True alive=True,,u
36.97451853752136,680,demo,0.9,0.514,SCENARIO_DUMP,SCENARIO_DUMP,Ghost muted safety | Scenario keyframe=DUMP | mode=SystemMode.NOMINAL cams=2 lidar=True alive=True,,u
37.03029990196228,681,demo,0.9,0.514,SCENARIO_DUMP,SCENARIO_DUMP,Ghost muted safety | Scenario keyframe=DUMP | mode=SystemMode.NOMINAL cams=2 lidar=True alive=True,,u
37.07712697982788,682,demo,0.9,0.5155,SCENARIO_DUMP,SCENARIO_DUMP,Ghost muted safety | Scenario keyframe=DUMP | mode=SystemMode.NOMINAL cams=2 lidar=True alive=True,,u
37.1323881149292,683,demo,0.9,0.5155,SCENARIO_DUMP,SCENARIO_DUMP,Ghost muted safety | Scenario keyframe=DUMP | mode=SystemMode.NOMINAL cams=2 lidar=True alive=True,,u
37.18868827819824,684,demo,0.9,0.5155,SCENARIO_DUMP,SCENARIO_DUMP,Ghost muted safety | Scenario keyframe=DUMP | mode=SystemMode.NOMINAL cams=2 lidar=True alive=True,,u
37.240264892578125,685,demo,0.9,0.5155,SCENARIO_DUMP,SCENARIO_DUMP,Ghost muted safety | Scenario keyframe=DUMP | mode=SystemMode.NOMINAL cams=2 lidar=True alive=True,,u
37.29598140716553,686,demo,0.9,0.5155,SCENARIO_DUMP,SCENARIO_DUMP,Ghost muted safety | Scenario keyframe=DUMP | mode=SystemMode.NOMINAL cams=2 lidar=True alive=True,,u
37.35049843788147,687,demo,0.9,0.5145,SCENARIO_DUMP,SCENARIO_DUMP,Ghost muted safety | Scenario keyframe=DUMP | mode=SystemMode.NOMINAL cams=2 lidar=True alive=True,,u
37.39906406402588,688,demo,0.9,0.5145,SCENARIO_DUMP,SCENARIO_DUMP,Ghost muted safety | Scenario keyframe=DUMP | mode=SystemMode.NOMINAL cams=2 lidar=True alive=True,,u
37.455113887786865,689,demo,0.9,0.5145,SCENARIO_DUMP,SCENARIO_DUMP,Ghost muted safety | Scenario keyframe=DUMP | mode=SystemMode.NOMINAL cams=2 lidar=True alive=True,,u
37.508219480514526,690,demo,0.9,0.5145,SCENARIO_DUMP,SCENARIO_DUMP,Ghost muted safety | Scenario keyframe=DUMP | mode=SystemMode.NOMINAL cams=2 lidar=True alive=True,,u
37.560657262802124,691,demo,0.9,0.5145,SCENARIO_DUMP,SCENARIO_DUMP,Ghost muted safety | Scenario keyframe=DUMP | mode=SystemMode.NOMINAL cams=2 lidar=True alive=True,,u
37.61769223213196,692,demo,0.9,0.515,SCENARIO_DUMP,SCENARIO_DUMP,Ghost muted safety | Scenario keyframe=DUMP | mode=SystemMode.NOMINAL cams=2 lidar=True alive=True,,u
37.66675662994385,693,demo,0.9,0.515,SCENARIO_DUMP,SCENARIO_DUMP,Ghost muted safety | Scenario keyframe=DUMP | mode=SystemMode.NOMINAL cams=2 lidar=True alive=True,,u
37.71952843666077,694,demo,0.9,0.515,SCENARIO_DUMP,SCENARIO_DUMP,Ghost muted safety | Scenario keyframe=DUMP | mode=SystemMode.NOMINAL cams=2 lidar=True alive=True,,u
37.772703647613525,695,demo,0.9,0.515,SCENARIO_DUMP,SCENARIO_DUMP,Ghost muted safety | Scenario keyframe=DUMP | mode=SystemMode.NOMINAL cams=2 lidar=True alive=True,,u
37.82615041732788,696,demo,0.9,0.515,SCENARIO_DUMP,SCENARIO_DUMP,Ghost muted safety | Scenario keyframe=DUMP | mode=SystemMode.NOMINAL cams=2 lidar=True alive=True,,u
37.88209009170532,697,demo,0.9,0.5145,SCENARIO_DUMP,SCENARIO_DUMP,Ghost muted safety | Scenario keyframe=DUMP | mode=SystemMode.NOMINAL cams=2 lidar=True alive=True,,u
37.932347774505615,698,demo,0.9,0.5145,SCENARIO_DUMP,SCENARIO_DUMP,Ghost muted safety | Scenario keyframe=DUMP | mode=SystemMode.NOMINAL cams=2 lidar=True alive=True,,u
37.98765254020691,699,demo,0.9,0.5145,SCENARIO_DUMP,SCENARIO_DUMP,Ghost muted safety | Scenario keyframe=DUMP | mode=SystemMode.NOMINAL cams=2 lidar=True alive=True,,u
38.039002895355225,700,demo,0.9,0.5145,SCENARIO_DUMP,SCENARIO_DUMP,Ghost muted safety | Scenario keyframe=DUMP | mode=SystemMode.NOMINAL cams=2 lidar=True alive=True,,u
38.092965602874756,701,demo,0.9,0.5145,SCENARIO_DUMP,SCENARIO_DUMP,Ghost muted safety | Scenario keyframe=DUMP | mode=SystemMode.NOMINAL cams=2 lidar=True alive=True,,u
38.1461706161499,702,demo,0.9,0.51525,SCENARIO_DUMP,SCENARIO_DUMP,Ghost muted safety | Scenario keyframe=DUMP | mode=SystemMode.NOMINAL cams=2 lidar=True alive=True,,u
38.19821763038635,703,demo,0.9,0.51525,SCENARIO_DUMP,SCENARIO_DUMP,Ghost muted safety | Scenario keyframe=DUMP | mode=SystemMode.NOMINAL cams=2 lidar=True alive=True,,u
38.25250029563904,704,demo,0.9,0.51525,SCENARIO_DUMP,SCENARIO_DUMP,Ghost muted safety | Scenario keyframe=DUMP | mode=SystemMode.NOMINAL cams=2 lidar=True alive=True,,u
38.30921459197998,705,demo,0.9,0.51525,SCENARIO_DUMP,SCENARIO_DUMP,Ghost muted safety | Scenario keyframe=DUMP | mode=SystemMode.NOMINAL cams=2 lidar=True alive=True,,u
38.3582124710083,706,demo,0.9,0.51525,SCENARIO_DUMP,SCENARIO_DUMP,Ghost muted safety | Scenario keyframe=DUMP | mode=SystemMode.NOMINAL cams=2 lidar=True alive=True,,u
38.411785364151,707,demo,0.9,0.51475,SCENARIO_DUMP,SCENARIO_DUMP,Ghost muted safety | Scenario keyframe=DUMP | mode=SystemMode.NOMINAL cams=2 lidar=True alive=True,,u
38.4651665687561,708,demo,0.9,0.51475,SCENARIO_DUMP,SCENARIO_DUMP,Ghost muted safety | Scenario keyframe=DUMP | mode=SystemMode.NOMINAL cams=2 lidar=True alive=True,,u
38.52078819274902,709,demo,0.9,0.51475,SCENARIO_DUMP,SCENARIO_DUMP,Ghost muted safety | Scenario keyframe=DUMP | mode=SystemMode.NOMINAL cams=2 lidar=True alive=True,,u
38.5701379776001,710,demo,0.9,0.51475,SCENARIO_DUMP,SCENARIO_DUMP,Ghost muted safety | Scenario keyframe=DUMP | mode=SystemMode.NOMINAL cams=2 lidar=True alive=True,,u
38.627902030944824,711,demo,0.9,0.51475,SCENARIO_DUMP,SCENARIO_DUMP,Ghost muted safety | Scenario keyframe=DUMP | mode=SystemMode.NOMINAL cams=2 lidar=True alive=True,,u
38.678171157836914,712,demo,0.9,0.5145,SCENARIO_DUMP,SCENARIO_DUMP,Ghost muted safety | Scenario keyframe=DUMP | mode=SystemMode.NOMINAL cams=2 lidar=True alive=True,,u
38.730337381362915,713,demo,0.9,0.5145,SCENARIO_DUMP,SCENARIO_DUMP,Ghost muted safety | Scenario keyframe=DUMP | mode=SystemMode.NOMINAL cams=2 lidar=True alive=True,,u
38.787734508514404,714,demo,0.9,0.5145,SCENARIO_DUMP,SCENARIO_DUMP,Ghost muted safety | Scenario keyframe=DUMP | mode=SystemMode.NOMINAL cams=2 lidar=True alive=True,,u
38.84174823760986,715,demo,0.9,0.5145,SCENARIO_DUMP,SCENARIO_DUMP,Ghost muted safety | Scenario keyframe=DUMP | mode=SystemMode.NOMINAL cams=2 lidar=True alive=True,,u
38.89454436302185,716,demo,0.9,0.5145,SCENARIO_DUMP,SCENARIO_DUMP,Ghost muted safety | Scenario keyframe=DUMP | mode=SystemMode.NOMINAL cams=2 lidar=True alive=True,,u
38.9475998878479,717,demo,0.9,0.51475,SCENARIO_DUMP,SCENARIO_DUMP,Ghost muted safety | Scenario keyframe=DUMP | mode=SystemMode.NOMINAL cams=2 lidar=True alive=True,,u
38.99912881851196,718,demo,0.9,0.51475,SCENARIO_DUMP,SCENARIO_DUMP,Ghost muted safety | Scenario keyframe=DUMP | mode=SystemMode.NOMINAL cams=2 lidar=True alive=True,,u
39.05264496803284,719,demo,0.9,0.51475,SCENARIO_DUMP,SCENARIO_DUMP,Ghost muted safety | Scenario keyframe=DUMP | mode=SystemMode.NOMINAL cams=2 lidar=True alive=True,,u
39.107250928878784,720,demo,0.9,0.51475,SCENARIO_DUMP,SCENARIO_DUMP,Ghost muted safety | Scenario keyframe=DUMP | mode=SystemMode.NOMINAL cams=2 lidar=True alive=True,,u
39.159855365753174,721,demo,0.9,0.51475,SCENARIO_DUMP,SCENARIO_DUMP,Ghost muted safety | Scenario keyframe=DUMP | mode=SystemMode.NOMINAL cams=2 lidar=True alive=True,,u
39.212130546569824,722,demo,0.9,0.515,SCENARIO_DUMP,SCENARIO_DUMP,Ghost muted safety | Scenario keyframe=DUMP | mode=SystemMode.NOMINAL cams=2 lidar=True alive=True,,u
39.26855683326721,723,demo,0.9,0.515,SCENARIO_DUMP,SCENARIO_DUMP,Ghost muted safety | Scenario keyframe=DUMP | mode=SystemMode.NOMINAL cams=2 lidar=True alive=True,,u
39.32022404670715,724,demo,0.9,0.515,SCENARIO_DUMP,SCENARIO_DUMP,Ghost muted safety | Scenario keyframe=DUMP | mode=SystemMode.NOMINAL cams=2 lidar=True alive=True,,u
39.374634981155396,725,demo,0.9,0.515,SCENARIO_DUMP,SCENARIO_DUMP,Ghost muted safety | Scenario keyframe=DUMP | mode=SystemMode.NOMINAL cams=2 lidar=True alive=True,,u
39.42323565483093,726,demo,0.9,0.515,SCENARIO_DUMP,SCENARIO_DUMP,Ghost muted safety | Scenario keyframe=DUMP | mode=SystemMode.NOMINAL cams=2 lidar=True alive=True,,u
39.47816252708435,727,demo,0.9,0.51525,SCENARIO_DUMP,SCENARIO_DUMP,Ghost muted safety | Scenario keyframe=DUMP | mode=SystemMode.NOMINAL cams=2 lidar=True alive=True,,u
39.534483432769775,728,demo,0.9,0.51525,SCENARIO_DUMP,SCENARIO_DUMP,Ghost muted safety | Scenario keyframe=DUMP | mode=SystemMode.NOMINAL cams=2 lidar=True alive=True,,u
39.58425188064575,729,demo,0.9,0.51525,SCENARIO_DUMP,SCENARIO_DUMP,Ghost muted safety | Scenario keyframe=DUMP | mode=SystemMode.NOMINAL cams=2 lidar=True alive=True,,u
39.64065170288086,730,demo,0.9,0.51525,SCENARIO_DUMP,SCENARIO_DUMP,Ghost muted safety | Scenario keyframe=DUMP | mode=SystemMode.NOMINAL cams=2 lidar=True alive=True,,u
39.68771743774414,731,demo,0.9,0.51525,SCENARIO_DUMP,SCENARIO_DUMP,Ghost muted safety | Scenario keyframe=DUMP | mode=SystemMode.NOMINAL cams=2 lidar=True alive=True,,u
39.74667525291443,732,demo,0.9,0.51475,SCENARIO_DUMP,SCENARIO_DUMP,Ghost muted safety | Scenario keyframe=DUMP | mode=SystemMode.NOMINAL cams=2 lidar=True alive=True,,u
39.7991201877594,733,demo,0.9,0.51475,SCENARIO_DUMP,SCENARIO_DUMP,Ghost muted safety | Scenario keyframe=DUMP | mode=SystemMode.NOMINAL cams=2 lidar=True alive=True,,u
39.8516206741333,734,demo,0.9,0.51475,SCENARIO_DUMP,SCENARIO_DUMP,Ghost muted safety | Scenario keyframe=DUMP | mode=SystemMode.NOMINAL cams=2 lidar=True alive=True,,u
39.9080810546875,735,demo,0.9,0.51475,SCENARIO_HOME,SCENARIO_HOME,Ghost muted safety | Scenario keyframe=HOME | mode=SystemMode.NOMINAL cams=2 lidar=True alive=True,,u
39.962520122528076,736,demo,0.9,0.51475,SCENARIO_HOME,SCENARIO_HOME,Ghost muted safety | Scenario keyframe=HOME | mode=SystemMode.NOMINAL cams=2 lidar=True alive=True,,u
40.01072072982788,737,demo,0.9,0.515,SCENARIO_HOME,SCENARIO_HOME,Ghost muted safety | Scenario keyframe=HOME | mode=SystemMode.NOMINAL cams=2 lidar=True alive=True,,u
40.069032192230225,738,demo,0.9,0.515,SCENARIO_HOME,SCENARIO_HOME,Ghost muted safety | Scenario keyframe=HOME | mode=SystemMode.NOMINAL cams=2 lidar=True alive=True,,u
40.11800718307495,739,demo,0.9,0.515,SCENARIO_HOME,SCENARIO_HOME,Ghost muted safety | Scenario keyframe=HOME | mode=SystemMode.NOMINAL cams=2 lidar=True alive=True,,u
40.172576665878296,740,demo,0.9,0.515,SCENARIO_HOME,SCENARIO_HOME,Ghost muted safety | Scenario keyframe=HOME | mode=SystemMode.NOMINAL cams=2 lidar=True alive=True,,u
40.22854733467102,741,demo,0.9,0.515,SCENARIO_HOME,SCENARIO_HOME,Ghost muted safety | Scenario keyframe=HOME | mode=SystemMode.NOMINAL cams=2 lidar=True alive=True,,u
40.27919316291809,742,demo,0.9,0.51425,SCENARIO_HOME,SCENARIO_HOME,Ghost muted safety | Scenario keyframe=HOME | mode=SystemMode.NOMINAL cams=2 lidar=True alive=True,,u
40.331465005874634,743,demo,0.9,0.51425,SCENARIO_HOME,SCENARIO_HOME,Ghost muted safety | Scenario keyframe=HOME | mode=SystemMode.NOMINAL cams=2 lidar=True alive=True,,u
40.38866591453552,744,demo,0.9,0.51425,SCENARIO_HOME,SCENARIO_HOME,Ghost muted safety | Scenario keyframe=HOME | mode=SystemMode.NOMINAL cams=2 lidar=True alive=True,,u
40.43772530555725,745,demo,0.9,0.51425,SCENARIO_HOME,SCENARIO_HOME,Ghost muted safety | Scenario keyframe=HOME | mode=SystemMode.NOMINAL cams=2 lidar=True alive=True,,u
40.49320578575134,746,demo,0.9,0.51425,SCENARIO_HOME,SCENARIO_HOME,Ghost muted safety | Scenario keyframe=HOME | mode=SystemMode.NOMINAL cams=2 lidar=True alive=True,,u
40.54667782783508,747,demo,0.9,0.51475,SCENARIO_HOME,SCENARIO_HOME,Ghost muted safety | Scenario keyframe=HOME | mode=SystemMode.NOMINAL cams=2 lidar=True alive=True,,u
40.5976197719574,748,demo,0.9,0.51475,SCENARIO_HOME,SCENARIO_HOME,Ghost muted safety | Scenario keyframe=HOME | mode=SystemMode.NOMINAL cams=2 lidar=True alive=True,,u
40.65442490577698,749,demo,0.9,0.51475,SCENARIO_HOME,SCENARIO_HOME,Ghost muted safety | Scenario keyframe=HOME | mode=SystemMode.NOMINAL cams=2 lidar=True alive=True,,u
40.710275411605835,750,demo,0.9,0.51475,SCENARIO_HOME,SCENARIO_HOME,Ghost muted safety | Scenario keyframe=HOME | mode=SystemMode.NOMINAL cams=2 lidar=True alive=True,,u
40.75867486000061,751,demo,0.9,0.51475,SCENARIO_HOME,SCENARIO_HOME,Ghost muted safety | Scenario keyframe=HOME | mode=SystemMode.NOMINAL cams=2 lidar=True alive=True,,u
40.81454300880432,752,demo,0.9,0.51525,SCENARIO_HOME,SCENARIO_HOME,Ghost muted safety | Scenario keyframe=HOME | mode=SystemMode.NOMINAL cams=2 lidar=True alive=True,,u
40.867926597595215,753,demo,0.9,0.51525,SCENARIO_HOME,SCENARIO_HOME,Ghost muted safety | Scenario keyframe=HOME | mode=SystemMode.NOMINAL cams=2 lidar=True alive=True,,u
40.91695308685303,754,demo,0.9,0.51525,SCENARIO_HOME,SCENARIO_HOME,Ghost muted safety | Scenario keyframe=HOME | mode=SystemMode.NOMINAL cams=2 lidar=True alive=True,,u
40.97072768211365,755,demo,0.9,0.51525,SCENARIO_HOME,SCENARIO_HOME,Ghost muted safety | Scenario keyframe=HOME | mode=SystemMode.NOMINAL cams=2 lidar=True alive=True,,u
41.026747703552246,756,demo,0.9,0.51525,SCENARIO_HOME,SCENARIO_HOME,Ghost muted safety | Scenario keyframe=HOME | mode=SystemMode.NOMINAL cams=2 lidar=True alive=True,,u
41.07759475708008,757,demo,0.9,0.5145,SCENARIO_HOME,SCENARIO_HOME,Ghost muted safety | Scenario keyframe=HOME | mode=SystemMode.NOMINAL cams=2 lidar=True alive=True,,u
41.129472494125366,758,demo,0.9,0.5145,SCENARIO_HOME,SCENARIO_HOME,Ghost muted safety | Scenario keyframe=HOME | mode=SystemMode.NOMINAL cams=2 lidar=True alive=True,,u
41.185102224349976,759,demo,0.9,0.5145,SCENARIO_HOME,SCENARIO_HOME,Ghost muted safety | Scenario keyframe=HOME | mode=SystemMode.NOMINAL cams=2 lidar=True alive=True,,u
41.238218545913696,760,demo,0.9,0.5145,SCENARIO_HOME,SCENARIO_HOME,Ghost muted safety | Scenario keyframe=HOME | mode=SystemMode.NOMINAL cams=2 lidar=True alive=True,,u
41.29368615150452,761,demo,0.9,0.5145,SCENARIO_HOME,SCENARIO_HOME,Ghost muted safety | Scenario keyframe=HOME | mode=SystemMode.NOMINAL cams=2 lidar=True alive=True,,u
41.344433307647705,762,demo,0.9,0.51525,SCENARIO_HOME,SCENARIO_HOME,Ghost muted safety | Scenario keyframe=HOME | mode=SystemMode.NOMINAL cams=2 lidar=True alive=True,,u
41.397417306900024,763,demo,0.9,0.51525,SCENARIO_HOME,SCENARIO_HOME,Ghost muted safety | Scenario keyframe=HOME | mode=SystemMode.NOMINAL cams=2 lidar=True alive=True,,u
41.45155358314514,764,demo,0.9,0.51525,SCENARIO_HOME,SCENARIO_HOME,Ghost muted safety | Scenario keyframe=HOME | mode=SystemMode.NOMINAL cams=2 lidar=True alive=True,,u
41.507012605667114,765,demo,0.9,0.51525,SCENARIO_HOME,SCENARIO_HOME,Ghost muted safety | Scenario keyframe=HOME | mode=SystemMode.NOMINAL cams=2 lidar=True alive=True,,u
41.561443567276,766,demo,0.9,0.51525,SCENARIO_HOME,SCENARIO_HOME,Ghost muted safety | Scenario keyframe=HOME | mode=SystemMode.NOMINAL cams=2 lidar=True alive=True,,u
41.60937142372131,767,demo,0.9,0.51525,SCENARIO_HOME,SCENARIO_HOME,Ghost muted safety | Scenario keyframe=HOME | mode=SystemMode.NOMINAL cams=2 lidar=True alive=True,,u
41.66517734527588,768,demo,0.9,0.51525,SCENARIO_HOME,SCENARIO_HOME,Ghost muted safety | Scenario keyframe=HOME | mode=SystemMode.NOMINAL cams=2 lidar=True alive=True,,u
41.7201874256134,769,demo,0.9,0.51525,SCENARIO_HOME,SCENARIO_HOME,Ghost muted safety | Scenario keyframe=HOME | mode=SystemMode.NOMINAL cams=2 lidar=True alive=True,,u
41.77207946777344,770,demo,0.9,0.51525,SCENARIO_HOME,SCENARIO_HOME,Ghost muted safety | Scenario keyframe=HOME | mode=SystemMode.NOMINAL cams=2 lidar=True alive=True,,u
41.825063943862915,771,demo,0.9,0.51525,SCENARIO_HOME,SCENARIO_HOME,Ghost muted safety | Scenario keyframe=HOME | mode=SystemMode.NOMINAL cams=2 lidar=True alive=True,,u
41.87985825538635,772,demo,0.9,0.5145,SCENARIO_HOME,SCENARIO_HOME,Ghost muted safety | Scenario keyframe=HOME | mode=SystemMode.NOMINAL cams=2 lidar=True alive=True,,u
41.92775774002075,773,demo,0.9,0.5145,SCENARIO_TUCK,SCENARIO_TUCK,Ghost muted safety | Scenario keyframe=TUCK | mode=SystemMode.NOMINAL cams=2 lidar=True alive=True,,u
41.9835147857666,774,demo,0.9,0.5145,SCENARIO_TUCK,SCENARIO_TUCK,Ghost muted safety | Scenario keyframe=TUCK | mode=SystemMode.NOMINAL cams=2 lidar=True alive=True,,u
42.03723955154419,775,demo,0.9,0.5145,SCENARIO_TUCK,SCENARIO_TUCK,Ghost muted safety | Scenario keyframe=TUCK | mode=SystemMode.NOMINAL cams=2 lidar=True alive=True,,u
42.090583086013794,776,demo,0.9,0.5145,SCENARIO_TUCK,SCENARIO_TUCK,Ghost muted safety | Scenario keyframe=TUCK | mode=SystemMode.NOMINAL cams=2 lidar=True alive=True,,u
42.1437463760376,777,demo,0.9,0.5135,SCENARIO_TUCK,SCENARIO_TUCK,Ghost muted safety | Scenario keyframe=TUCK | mode=SystemMode.NOMINAL cams=2 lidar=True alive=True,,u
42.19722843170166,778,demo,0.9,0.5135,SCENARIO_TUCK,SCENARIO_TUCK,Ghost muted safety | Scenario keyframe=TUCK | mode=SystemMode.NOMINAL cams=2 lidar=True alive=True,,u
42.25273013114929,779,demo,0.9,0.5135,SCENARIO_TUCK,SCENARIO_TUCK,Ghost muted safety | Scenario keyframe=TUCK | mode=SystemMode.NOMINAL cams=2 lidar=True alive=True,,u
42.30470132827759,780,demo,0.9,0.5135,SCENARIO_TUCK,SCENARIO_TUCK,Ghost muted safety | Scenario keyframe=TUCK | mode=SystemMode.NOMINAL cams=2 lidar=True alive=True,,u
42.35882258415222,781,demo,0.9,0.5135,SCENARIO_TUCK,SCENARIO_TUCK,Ghost muted safety | Scenario keyframe=TUCK | mode=SystemMode.NOMINAL cams=2 lidar=True alive=True,,u
42.40850305557251,782,demo,0.9,0.51425,SCENARIO_TUCK,SCENARIO_TUCK,Ghost muted safety | Scenario keyframe=TUCK | mode=SystemMode.NOMINAL cams=2 lidar=True alive=True,,u
42.46696734428406,783,demo,0.9,0.51425,SCENARIO_TUCK,SCENARIO_TUCK,Ghost muted safety | Scenario keyframe=TUCK | mode=SystemMode.NOMINAL cams=2 lidar=True alive=True,,u
42.52019906044006,784,demo,0.9,0.51425,SCENARIO_TUCK,SCENARIO_TUCK,Ghost muted safety | Scenario keyframe=TUCK | mode=SystemMode.NOMINAL cams=2 lidar=True alive=True,,u
42.570350885391235,785,demo,0.9,0.51425,SCENARIO_TUCK,SCENARIO_TUCK,Ghost muted safety | Scenario keyframe=TUCK | mode=SystemMode.NOMINAL cams=2 lidar=True alive=True,,u
42.62525796890259,786,demo,0.9,0.51425,SCENARIO_TUCK,SCENARIO_TUCK,Ghost muted safety | Scenario keyframe=TUCK | mode=SystemMode.NOMINAL cams=2 lidar=True alive=True,,u
42.6769335269928,787,demo,0.9,0.5155,SCENARIO_TUCK,SCENARIO_TUCK,Ghost muted safety | Scenario keyframe=TUCK | mode=SystemMode.NOMINAL cams=2 lidar=True alive=True,,u
42.7294237613678,788,demo,0.9,0.5155,SCENARIO_TUCK,SCENARIO_TUCK,Ghost muted safety | Scenario keyframe=TUCK | mode=SystemMode.NOMINAL cams=2 lidar=True alive=True,,u
42.785189390182495,789,demo,0.9,0.5155,SCENARIO_TUCK,SCENARIO_TUCK,Ghost muted safety | Scenario keyframe=TUCK | mode=SystemMode.NOMINAL cams=2 lidar=True alive=True,,u
42.837477684020996,790,demo,0.9,0.5155,SCENARIO_TUCK,SCENARIO_TUCK,Ghost muted safety | Scenario keyframe=TUCK | mode=SystemMode.NOMINAL cams=2 lidar=True alive=True,,u
42.88930058479309,791,demo,0.9,0.5155,SCENARIO_TUCK,SCENARIO_TUCK,Ghost muted safety | Scenario keyframe=TUCK | mode=SystemMode.NOMINAL cams=2 lidar=True alive=True,,u
42.94940543174744,792,demo,0.9,0.51525,SCENARIO_TUCK,SCENARIO_TUCK,Ghost muted safety | Scenario keyframe=TUCK | mode=SystemMode.NOMINAL cams=2 lidar=True alive=True,,u
43.000282287597656,793,demo,0.9,0.51525,SCENARIO_TUCK,SCENARIO_TUCK,Ghost muted safety | Scenario keyframe=TUCK | mode=SystemMode.NOMINAL cams=2 lidar=True alive=True,,u
43.050695180892944,794,demo,0.9,0.51525,SCENARIO_TUCK,SCENARIO_TUCK,Ghost muted safety | Scenario keyframe=TUCK | mode=SystemMode.NOMINAL cams=2 lidar=True alive=True,,u
43.10390257835388,795,demo,0.9,0.51525,SCENARIO_TUCK,SCENARIO_TUCK,Ghost muted safety | Scenario keyframe=TUCK | mode=SystemMode.NOMINAL cams=2 lidar=True alive=True,,u
43.155351877212524,796,demo,0.9,0.51525,SCENARIO_TUCK,SCENARIO_TUCK,Ghost muted safety | Scenario keyframe=TUCK | mode=SystemMode.NOMINAL cams=2 lidar=True alive=True,,u
43.209155797958374,797,demo,0.9,0.515,SCENARIO_TUCK,SCENARIO_TUCK,Ghost muted safety | Scenario keyframe=TUCK | mode=SystemMode.NOMINAL cams=2 lidar=True alive=True,,u
43.264084577560425,798,demo,0.9,0.515,SCENARIO_TUCK,SCENARIO_TUCK,Ghost muted safety | Scenario keyframe=TUCK | mode=SystemMode.NOMINAL cams=2 lidar=True alive=True,,u
43.320985078811646,799,demo,0.9,0.515,SCENARIO_TUCK,SCENARIO_TUCK,Ghost muted safety | Scenario keyframe=TUCK | mode=SystemMode.NOMINAL cams=2 lidar=True alive=True,,u
43.371933460235596,800,demo,0.9,0.515,SCENARIO_TUCK,SCENARIO_TUCK,Ghost muted safety | Scenario keyframe=TUCK | mode=SystemMode.NOMINAL cams=2 lidar=True alive=True,,u
43.422011375427246,801,demo,0.9,0.515,SCENARIO_TUCK,SCENARIO_TUCK,Ghost muted safety | Scenario keyframe=TUCK | mode=SystemMode.NOMINAL cams=2 lidar=True alive=True,,u
43.47648048400879,802,demo,0.9,0.515,SCENARIO_TUCK,SCENARIO_TUCK,Ghost muted safety | Scenario keyframe=TUCK | mode=SystemMode.NOMINAL cams=2 lidar=True alive=True,,u
43.53076434135437,803,demo,0.9,0.515,SCENARIO_TUCK,SCENARIO_TUCK,Ghost muted safety | Scenario keyframe=TUCK | mode=SystemMode.NOMINAL cams=2 lidar=True alive=True,,u
43.58210587501526,804,demo,0.9,0.515,SCENARIO_TUCK,SCENARIO_TUCK,Ghost muted safety | Scenario keyframe=TUCK | mode=SystemMode.NOMINAL cams=2 lidar=True alive=True,,u
43.634740591049194,805,demo,0.9,0.515,SCENARIO_TUCK,SCENARIO_TUCK,Ghost muted safety | Scenario keyframe=TUCK | mode=SystemMode.NOMINAL cams=2 lidar=True alive=True,,u
43.6915078163147,806,demo,0.9,0.515,SCENARIO_TUCK,SCENARIO_TUCK,Ghost muted safety | Scenario keyframe=TUCK | mode=SystemMode.NOMINAL cams=2 lidar=True alive=True,,u
43.745208978652954,807,demo,0.9,0.5145,SCENARIO_TUCK,SCENARIO_TUCK,Ghost muted safety | Scenario keyframe=TUCK | mode=SystemMode.NOMINAL cams=2 lidar=True alive=True,,u
43.795767068862915,808,demo,0.9,0.5145,SCENARIO_TUCK,SCENARIO_TUCK,Ghost muted safety | Scenario keyframe=TUCK | mode=SystemMode.NOMINAL cams=2 lidar=True alive=True,,u
43.85116457939148,809,demo,0.9,0.5145,SCENARIO_TUCK,SCENARIO_TUCK,Ghost muted safety | Scenario keyframe=TUCK | mode=SystemMode.NOMINAL cams=2 lidar=True alive=True,,u
43.90394353866577,810,demo,0.9,0.5145,SCENARIO_DUMP,SCENARIO_DUMP,Ghost muted safety | Scenario keyframe=DUMP | mode=SystemMode.NOMINAL cams=2 lidar=True alive=True,,u
43.95873832702637,811,demo,0.9,0.5145,SCENARIO_DUMP,SCENARIO_DUMP,Ghost muted safety | Scenario keyframe=DUMP | mode=SystemMode.NOMINAL cams=2 lidar=True alive=True,,u
44.01146578788757,812,demo,0.9,0.51525,SCENARIO_DUMP,SCENARIO_DUMP,Ghost muted safety | Scenario keyframe=DUMP | mode=SystemMode.NOMINAL cams=2 lidar=True alive=True,,u
44.06437849998474,813,demo,0.9,0.51525,SCENARIO_DUMP,SCENARIO_DUMP,Ghost muted safety | Scenario keyframe=DUMP | mode=SystemMode.NOMINAL cams=2 lidar=True alive=True,,u
44.12016820907593,814,demo,0.9,0.51525,SCENARIO_DUMP,SCENARIO_DUMP,Ghost muted safety | Scenario keyframe=DUMP | mode=SystemMode.NOMINAL cams=2 lidar=True alive=True,,u
44.17393088340759,815,demo,0.9,0.51525,SCENARIO_DUMP,SCENARIO_DUMP,Ghost muted safety | Scenario keyframe=DUMP | mode=SystemMode.NOMINAL cams=2 lidar=True alive=True,,u
44.2263822555542,816,demo,0.9,0.51525,SCENARIO_DUMP,SCENARIO_DUMP,Ghost muted safety | Scenario keyframe=DUMP | mode=SystemMode.NOMINAL cams=2 lidar=True alive=True,,u
44.275232791900635,817,demo,0.9,0.51525,SCENARIO_DUMP,SCENARIO_DUMP,Ghost muted safety | Scenario keyframe=DUMP | mode=SystemMode.NOMINAL cams=2 lidar=True alive=True,,u
44.329808473587036,818,demo,0.9,0.51525,SCENARIO_DUMP,SCENARIO_DUMP,Ghost muted safety | Scenario keyframe=DUMP | mode=SystemMode.NOMINAL cams=2 lidar=True alive=True,,u
44.38356161117554,819,demo,0.9,0.51525,SCENARIO_DUMP,SCENARIO_DUMP,Ghost muted safety | Scenario keyframe=DUMP | mode=SystemMode.NOMINAL cams=2 lidar=True alive=True,,u
44.4346182346344,820,demo,0.9,0.51525,SCENARIO_DUMP,SCENARIO_DUMP,Ghost muted safety | Scenario keyframe=DUMP | mode=SystemMode.NOMINAL cams=2 lidar=True alive=True,,u
44.48993730545044,821,demo,0.9,0.51525,SCENARIO_DUMP,SCENARIO_DUMP,Ghost muted safety | Scenario keyframe=DUMP | mode=SystemMode.NOMINAL cams=2 lidar=True alive=True,,u
44.543670892715454,822,demo,0.9,0.51475,SCENARIO_DUMP,SCENARIO_DUMP,Ghost muted safety | Scenario keyframe=DUMP | mode=SystemMode.NOMINAL cams=2 lidar=True alive=True,,u
44.596516370773315,823,demo,0.9,0.51475,SCENARIO_DUMP,SCENARIO_DUMP,Ghost muted safety | Scenario keyframe=DUMP | mode=SystemMode.NOMINAL cams=2 lidar=True alive=True,,u
44.64874076843262,824,demo,0.9,0.51475,SCENARIO_DUMP,SCENARIO_DUMP,Ghost muted safety | Scenario keyframe=DUMP | mode=SystemMode.NOMINAL cams=2 lidar=True alive=True,,u
44.70480680465698,825,demo,0.9,0.51475,SCENARIO_DUMP,SCENARIO_DUMP,Ghost muted safety | Scenario keyframe=DUMP | mode=SystemMode.NOMINAL cams=2 lidar=True alive=True,,u
44.75898051261902,826,demo,0.9,0.51475,SCENARIO_DUMP,SCENARIO_DUMP,Ghost muted safety | Scenario keyframe=DUMP | mode=SystemMode.NOMINAL cams=2 lidar=True alive=True,,u
44.80942130088806,827,demo,0.9,0.515,SCENARIO_DUMP,SCENARIO_DUMP,Ghost muted safety | Scenario keyframe=DUMP | mode=SystemMode.NOMINAL cams=2 lidar=True alive=True,,u
44.86402249336243,828,demo,0.9,0.515,SCENARIO_DUMP,SCENARIO_DUMP,Ghost muted safety | Scenario keyframe=DUMP | mode=SystemMode.NOMINAL cams=2 lidar=True alive=True,,u
44.91532373428345,829,demo,0.9,0.515,SCENARIO_DUMP,SCENARIO_DUMP,Ghost muted safety | Scenario keyframe=DUMP | mode=SystemMode.NOMINAL cams=2 lidar=True alive=True,,u
